Company/Brand,Car Name,Battery_CC,Battery_kWh,Horsepower_(hp),Top_Speed_(km/h),Acceleration_(time_in_seconds_to_reach_100km/h),Price ($),Fuel_Type,Seats,Torque_(Nm)
FERRARI,SF90 STRADALE,3990.0,,963,340,2.5,1100000.0,4,2.0,800.0
ROLLS ROYCE,PHANTOM,6749.0,,563,250,5.3,460000.0,0,5.0,900.0
FORD,KA+,1200.0,,78,165,10.5,13500.0,0,5.0,120.0
MERCEDES,GT 63 S,3982.0,,630,250,3.2,161000.0,0,4.0,900.0
AUDI,AUDI R8 Gt,5204.0,,602,320,3.6,253290.0,0,2.0,560.0
BMW,Mclaren 720s,3994.0,,710,341,2.9,499000.0,0,2.0,770.0
ASTON MARTIN,VANTAGE F1,3982.0,,656,314,3.6,193440.0,0,2.0,685.0
BENTLEY,Continental GT Azure,3996.0,,550,318,4,311000.0,0,4.0,900.0
LAMBORGHINI,VENENO ROADSTER,6498.0,,750,356,2.9,4500000.0,0,2.0,690.0
FERRARI,F8 TRIBUTO,3900.0,,710,340,2.9,280000.0,0,2.0,770.0
FERRARI,812 GTS,6496.0,,789,340,2.9,350000.0,0,2.0,718.0
FERRARI,PORTOFINO,3900.0,,592,320,3.2,210000.0,0,4.0,760.0
FERRARI,ROMA,3900.0,,612,320,3.4,230000.0,0,4.0,760.0
FERRARI,MONZA SP2,6496.0,,789,340,2.9,1700000.0,0,2.0,719.0
FERRARI,F8 SPIDER,3900.0,,710,340,2.9,280000.0,0,2.0,770.0
FERRARI,PORTOFINO M,3900.0,,612,320,3.2,220000.0,0,4.0,760.0
FERRARI,ROMA SPIDER,3900.0,,612,320,3.4,240000.0,0,4.0,760.0
TOYOTA,GR SUPRA,2998.0,,382,250,4.1,53900.0,0,2.0,500.0
TOYOTA,TOYOTA 86,1998.0,,205,226,6.4,27000.0,0,4.0,205.0
TOYOTA,TOYOTA  GR86,2387.0,,228,226,5.6,30000.0,0,4.0,250.0
TOYOTA,TOYOTA LAND CRUISER,5663.0,,381,220,6.7,85000.0,1,7.0,500.0
TOYOTA,TOYOTA SEQUOIA,5663.0,,381,200,6.9,50000.0,0,7.0,651.0
NISSAN,GT-R,3799.0,,600,315,2.9,113000.0,0,4.0,637.0
NISSAN,370Z,3696.0,,332,250,4.7,30000.0,0,2.0,366.0
NISSAN,Z PROTO,2998.0,,400,290,4.1,40000.0,0,2.0,475.0
NISSAN,ALTIMA,2488.0,,188,225,7.3,25000.0,0,5.0,380.0
NISSAN,MAXIMA,3498.0,,300,240,5.8,35000.0,0,5.0,354.0
NISSAN,SENTRA,1998.0,,149,200,8.2,20000.0,0,5.0,240.0
NISSAN,ROGUE,2488.0,,201,200,7.5,28000.0,0,5.0,270.0
NISSAN,PATHFINDER,3498.0,,284,225,6.5,35000.0,0,7.0,351.0
NISSAN,FRONTIER,3799.0,,310,180,6.8,30000.0,0,5.0,381.0
NISSAN,TITAN,5598.0,,400,200,5.9,40000.0,0,5.0,560.0
ASTON MARTIN,VALKYRIE,6496.0,,1160,402,2.5,3200000.0,2,2.0,900.0
ASTON MARTIN,VALHALLA,3996.0,,1000,362,2.5,1100000.0,2,2.0,1000.0
ASTON MARTIN,DBS SUPERLEGGERA,5204.0,,715,340,3.4,316000.0,0,2.0,900.0
ASTON MARTIN,DB11,5204.0,,600,322,3.9,208000.0,0,4.0,700.0
ASTON MARTIN,VANTAGE,3996.0,,503,313,3.6,142000.0,0,2.0,685.0
ASTON MARTIN,DBX,3996.0,,542,291,4.5,189000.0,0,5.0,700.0
ASTON MARTIN,RAPIDE AMR,5935.0,,580,328,4.2,240000.0,0,4.0,630.0
ASTON MARTIN,VANQUISH,5935.0,,580,324,3.6,294000.0,0,2.0,630.0
ASTON MARTIN,LAGONDA TARAF,5935.0,,540,314,4.2,1100000.0,0,4.0,630.0
ASTON MARTIN,VICTOR,5204.0,,836,320,2.8,1300000.0,0,2.0,821.0
LAMBORGHINI,SIAN,6498.0,,819,350,2.8,2800000.0,2,2.0,720.0
LAMBORGHINI,AVENTADOR SVJ,6498.0,,759,350,2.8,518000.0,0,2.0,720.0
LAMBORGHINI,HURACAN PERFORMANTE,5204.0,,640,325,2.9,274000.0,0,2.0,600.0
LAMBORGHINI,HURACAN EVO,5204.0,,640,325,2.9,261000.0,0,2.0,600.0
LAMBORGHINI,AVENTADOR SV,6498.0,,740,350,2.8,493000.0,0,2.0,690.0
LAMBORGHINI,URUS,3996.0,,641,305,3.6,211000.0,0,5.0,850.0
LAMBORGHINI,HURACAN SPYDER,5204.0,,610,325,3.4,287000.0,0,2.0,600.0
LAMBORGHINI,AVENTADOR ROADSTER,6498.0,,700,350,3,445000.0,0,2.0,690.0
LAMBORGHINI,HURACAN  PERFORMANTE SPYDER,5204.0,,640,325,3.1,308000.0,0,2.0,600.0
LAMBORGHINI,AVENTADOR S,6498.0,,740,350,2.9,421000.0,0,2.0,690.0
LAMBORGHINI,HURACAN EVO SPYDER,5204.0,,640,325,3.1,287000.0,0,2.0,600.0
LAMBORGHINI,URUS PERFORMANTE,3996.0,,641,305,3.3,242000.0,0,5.0,850.0
LAMBORGHINI,AVENTADOR ULTIMAE,6498.0,,769,355,2.8,545000.0,0,2.0,720.0
LAMBORGHINI,HURACAN EVO RWD,5204.0,,610,325,3.3,258000.0,0,2.0,560.0
LAMBORGHINI,AVENTADOR SVJ ROADSTER,6498.0,,759,350,2.9,573000.0,0,2.0,720.0
LAMBORGHINI,URUS S,3996.0,,671,305,3.3,263000.0,0,5.0,850.0
LAMBORGHINI,HURACAN STO,5204.0,,640,325,3,327000.0,0,2.0,565.0
LAMBORGHINI,AVENTADOR LP 780-4 ULTIMATE,6498.0,,769,355,2.8,545000.0,0,2.0,720.0
LAMBORGHINI,HURACAN EVO RWD SPYDER,5204.0,,610,325,3.3,273000.0,0,2.0,600.0
LAMBORGHINI,AVENTADOR SVJ XAGO,6498.0,,759,350,2.9,603000.0,0,2.0,720.0
LAMBORGHINI,URUS GRAPHITE CAPSULE,3998.0,,641,305,3.3,253000.0,0,5.0,850.0
LAMBORGHINI,HURACAN STO EVO,5204.0,,640,325,3,342000.0,0,2.0,565.0
LAMBORGHINI,AVENTADOR LP 780-4 ULTIMATE ROADSTER,6498.0,,769,355,2.8,573000.0,0,2.0,720.0
ROLLS ROYCE,GHOST,6592.0,,591,250,4.8,332000.0,0,5.0,850.0
ROLLS ROYCE,WRAITH,6592.0,,624,250,4.4,330000.0,0,4.0,870.0
ROLLS ROYCE,DAWN,6592.0,,624,250,4.9,360000.0,0,4.0,870.0
ROLLS ROYCE,CULLINAN,6749.0,,563,250,5.2,325000.0,0,5.0,850.0
ROLLS ROYCE,PHANTOM EXTENDED,6749.0,,563,250,5.3,500000.0,0,5.0,900.0
ROLLS ROYCE,GHOST EXTENDED,6592.0,,591,250,4.8,370000.0,0,5.0,850.0
ROLLS ROYCE,WRAITH BLACK BADGE,6592.0,,624,250,4.3,360000.0,0,4.0,870.0
ROLLS ROYCE,DAWN BLACK BADGE,6592.0,,624,250,4.8,390000.0,0,4.0,870.0
ROLLS ROYCE,CULLINAN BLACK BADGE,6749.0,,563,250,5.1,350000.0,0,5.0,850.0
ROLLS ROYCE,PHANTOM COUPE,6749.0,,563,250,5.3,450000.0,0,4.0,870.0
ROLLS ROYCE,GHOST COUPE,6592.0,,591,250,4.8,340000.0,0,4.0,850.0
ROLLS ROYCE,WRAITH COUPE,6592.0,,624,250,4.4,330000.0,0,4.0,870.0
ROLLS ROYCE,DAWN CONVERTIBLE,6592.0,,624,250,4.9,380000.0,0,4.0,870.0
ROLLS ROYCE,CULLINAN SUV,6749.0,,563,250,5.2,320000.0,0,5.0,850.0
MERCEDES,BENZ S-CLASS S 580,3982.0,,496,250,4.4,116000.0,0,5.0,700.0
MERCEDES,BENZ E-CLASS E 63 S,3982.0,,603,250,3.4,104000.0,0,5.0,850.0
MERCEDES,BENZ CLA 45 AMG,1991.0,,382,250,4.1,53000.0,0,5.0,500.0
MERCEDES,BENZ GLE 63 S,3982.0,,603,250,4.2,113000.0,0,5.0,850.0
MERCEDES,BENZ S-CLASS S 500,2996.0,,429,250,4.9,109000.0,0,5.0,700.0
MERCEDES,BENZ E-CLASS E 450,2996.0,,362,250,5.2,62000.0,0,5.0,500.0
MERCEDES,BENZ CLS 450,2996.0,,362,250,5.2,70000.0,0,5.0,500.0
MERCEDES,BENZ GT 53,2996.0,,429,250,4.5,99000.0,0,5.0,700.0
MERCEDES,BENZ GLE 450,2996.0,,362,250,5.5,63000.0,0,5.0,500.0
MERCEDES,BENZ A-CLASS A 45 S,1991.0,,416,250,3.9,53000.0,0,5.0,500.0
MERCEDES,BENZ C-CLASS C 43,2996.0,,402,250,4.7,52000.0,0,5.0,520.0
MERCEDES,BENZ E-CLASS E 350,1991.0,,255,250,5.7,49000.0,0,5.0,500.0
MERCEDES,BENZ GLE 350,1991.0,,255,250,6.1,53000.0,0,5.0,500.0
MERCEDES,BENZ GLC 43,2996.0,,402,250,4.7,54000.0,0,5.0,520.0
MERCEDES,BENZ GLA 45,1991.0,,382,250,4.3,48000.0,0,5.0,500.0
MERCEDES,BENZ GLC 350,1991.0,,255,250,6.1,46000.0,0,5.0,500.0
MERCEDES,BENZ GLE 53,2996.0,,429,250,5.2,71000.0,0,5.0,620.0
MERCEDES,BENZ S-CLASS S 350,1991.0,,255,250,6.5,90000.0,0,5.0,500.0
MERCEDES,BENZ EQS 53,,,751,250,3.4,102000.0,3,5.0,950.0
MERCEDES,BENZ MAYBACH S 680,5980.0,,630,250,4.7,200000.0,0,5.0,1000.0
BMW,M5 CS,4395.0,,627,305,3,142000.0,0,5.0,750.0
BMW,M4 GTS,2993.0,,493,305,3.7,133000.0,0,4.0,600.0
BMW,M3 COMPETITION,2993.0,,503,285,3.5,76000.0,0,5.0,650.0
BMW,M2 CS,2993.0,,444,280,4,83000.0,0,4.0,550.0
BMW,X5 M COMPETITION,4935.0,,523,285,4.1,114000.0,0,5.0,750.0
BMW,X3 M COMPETITION,2993.0,,503,285,4.1,69000.0,0,5.0,650.0
BMW,M8 GRAN COUPE,4395.0,,523,305,3.3,146000.0,0,5.0,750.0
BMW,M850i DRIVE COUPE,4935.0,,523,285,3.7,108000.0,0,4.0,750.0
ROLLS ROYCE,DAWN BLACK BADGE VOLANTE,6592.0,,563,250,4.8,398000.0,0,4.0,840.0
ROLLS ROYCE,CULLINAN BLACK BADGE SUV,6749.0,,563,250,5.1,381000.0,0,5.0,850.0
ROLLS ROYCE,PHATOM TRANQUILITY,6749.0,,563,250,5.3,475000.0,0,5.0,900.0
ROLLS ROYCE,GHOST ZENITH,6749.0,,563,250,4.9,335000.0,0,5.0,900.0
ROLLS ROYCE,WRAITH EAGLE VIII,6592.0,,623,250,4.5,349000.0,0,4.0,800.0
ROLLS ROYCE,PHATOM ORCHID,6749.0,,563,250,5.3,495000.0,0,5.0,900.0
ROLLS ROYCE,GHOST AZURE,6749.0,,563,250,4.9,355000.0,0,5.0,900.0
ROLLS ROYCE,WRAITH KRYPTOS,6592.0,,623,250,4.5,369000.0,0,4.0,800.0
ROLLS ROYCE,DAWN SILVER BULLET,6592.0,,563,250,4.8,418000.0,0,4.0,840.0
ROLLS ROYCE,CULLINAN FUX ORANGE,6749.0,,563,250,5.1,401000.0,0,5.0,850.0
ROLLS ROYCE,PHANTOM CELESTIAL,6749.0,,563,250,5.3,515000.0,0,5.0,900.0
ROLLS ROYCE,GHOST MYSORE,6749.0,,563,250,4.9,375000.0,0,5.0,900.0
ROLLS ROYCE,WRAITH LUMINARY,6592.0,,623,250,4.5,389000.0,0,4.0,800.0
ROLLS ROYCE,DAWN BLACK BADGE ADAMAS,6592.0,,563,250,4.8,439000.0,0,4.0,840.0
ROLLS ROYCE,CULLINAN RED DIAMOND,6749.0,,563,250,5.1,421000.0,0,5.0,850.0
AUDI,R8 V10 PLUS,5204.0,,610,330,3.2,194000.0,0,2.0,560.0
AUDI,RS7 SPORTBACK,3993.0,,591,305,3.6,114000.0,0,5.0,800.0
AUDI,S8,3993.0,,563,305,4.3,101000.0,0,5.0,800.0
AUDI,RS6 AVANT,3993.0,,591,305,3.6,109000.0,0,5.0,800.0
AUDI,S7 SPORTBACK,3993.0,,563,305,4.3,96000.0,0,5.0,650.0
AUDI,A8,2995.0,,335,250,5.7,86000.0,0,5.0,600.0
AUDI,S5 COUPE,2995.0,,349,250,4.8,64000.0,0,4.0,500.0
AUDI,SQ5,2995.0,,349,250,5.4,62000.0,0,5.0,500.0
AUDI,S4 SEDAN,2995.0,,349,250,4.7,59000.0,0,5.0,500.0
AUDI,S3 SEDAN,1984.0,,306,250,4.8,52000.0,0,5.0,400.0
AUDI,Q7,2995.0,,335,250,6.3,60000.0,0,7.0,600.0
AUDI,Q5,1984.0,,248,240,6.3,43000.0,0,5.0,500.0
AUDI,A7,2995.0,,335,250,5.7,68000.0,0,5.0,600.0
AUDI,A6,2995.0,,335,250,5.7,58000.0,0,5.0,600.0
AUDI,A5 COUPE,1984.0,,248,240,6.3,45000.0,0,4.0,500.0
AUDI,A4,1984.0,,248,240,6.5,39000.0,0,5.0,400.0
AUDI,Q3,1984.0,,248,230,7.3,35000.0,0,5.0,400.0
AUDI,E-TRON,,95.0,402,200,5.5,75000.0,3,5.0,664.0
AUDI,E-TRON SPORTBACK,,95.0,402,200,5.5,78000.0,3,5.0,664.0
AUDI,TT COUPE,1984.0,,248,250,5.3,49000.0,0,2.0,400.0
BMW,I8 ROADSTER,,11.6,369,250,4.4,165000.0,2,2.0,570.0
BMW,330i,1998.0,,255,250,5.6,45000.0,0,5.0,400.0
BMW,M340i XDRIVE,2998.0,,382,250,4.1,57000.0,0,5.0,500.0
BMW,430i COUPE,1998.0,,255,250,5.8,48000.0,0,4.0,400.0
BMW,M4 COMPETITION,2993.0,,503,290,3.8,81000.0,0,4.0,650.0
BMW,530i,1998.0,,248,250,5.9,57000.0,0,5.0,400.0
BMW,M550i XDRIVE,4395.0,,523,250,3.6,78000.0,0,5.0,650.0
BMW,118i,1499.0,,136,213,8.5,32000.0,0,5.0,220.0
BMW,128ti,1998.0,,261,250,6.1,42000.0,0,5.0,400.0
BMW,M135i XDRIVE,1998.0,,302,250,4.8,30000.0,0,5.0,450.0
BMW,116D,1496.0,,116,200,10.3,30000.0,1,5.0,280.0
BMW,120D XDRIVE,1995.0,,190,230,6.9,38000.0,1,5.0,400.0
BMW,116i,1499.0,,109,200,10.9,28000.0,0,5.0,200.0
BMW,118D,1995.0,,150,216,8.4,34000.0,1,5.0,380.0
BMW,120i,1998.0,,178,230,7.1,37000.0,0,5.0,300.0
BMW,125i,1998.0,,224,240,6.1,42000.0,0,5.0,400.0
BMW,114D,1496.0,,95,185,12.2,27000.0,1,5.0,270.0
BMW,114i,1598.0,,102,195,11.2,26000.0,0,5.0,200.0
BMW,125D,1995.0,,224,240,6.3,44000.0,1,5.0,400.0
BMW,118i XDRIVE,1499.0,,136,211,8.9,34000.0,0,5.0,250.0
BMW,116D EFFICIENTDYNAMICS,1496.0,,116,200,10.9,30000.0,1,5.0,270.0
BMW,118i SPORTLINE,1499.0,,136,213,8.5,35000.0,0,5.0,250.0
BMW,118i M SPORT,1499.0,,136,213,8.5,37000.0,0,5.0,250.0
BMW,120i M SPORT,1998.0,,178,230,7.1,39000.0,0,5.0,300.0
BMW,116i EFFICIENTDYNAMICS,1598.0,,109,195,10.9,29000.0,0,5.0,200.0
BMW,116D ADVANTAGE,1496.0,,116,200,10.5,31000.0,1,5.0,270.0
BMW,120D EFFICIENTDYNAMICS,1995.0,,163,225,7.7,39000.0,1,5.0,400.0
BMW,118i SHADOW LINE,1499.0,,136,213,8.5,36000.0,0,5.0,250.0
BMW,118D SPORT LINE,1995.0,,150,216,8.4,36000.0,1,5.0,380.0
BMW,120i XDRIVE,1998.0,,178,230,7.2,40000.0,0,5.0,300.0
BMW,114D SPORT LINE,1496.0,,95,185,12.2,28000.0,1,5.0,270.0
BMW,118i URBAN LINE,1499.0,,136,213,8.5,35000.0,0,5.0,250.0
VOLVO,XC90,1969.0,,247,200,6.5,60000.0,0,7.0,400.0
VOLVO,XC60,1969.0,,247,220,6.4,55000.0,0,5.0,400.0
VOLVO,S90,1969.0,,295,250,5.9,60000.0,0,5.0,400.0
KIA,SPORTAGE LX,2480.0,,187,200,8,27000.0,0,5.0,250.0
KIA,SPORTAGE EX,2480.0,,187,200,8,30000.0,0,5.0,250.0
KIA,SPORTAGE GT-LINE,2480.0,,187,200,8,32000.0,0,5.0,350.0
KIA,SPORTAGE SX TURBO,1998.0,,240,210,6.7,36000.0,0,5.0,400.0
KIA,SPORTAGE NIGHTFALL EDITION,2480.0,,187,200,8,33000.0,0,5.0,350.0
HONDA,CIVIC TYPE R,1996.0,,315,272,5.7,44000.0,0,5.0,400.0
KIA,SPORTAGE PHEV,1600.0,13.8,261,180,8,41000.0,4,5.0,350.0
KIA,SPORTAGE 2024(BASE MODEL),2480.0,,187,200,8,26000.0,0,5.0,250.0
KIA,SPORTAGE 2024(TOP TRIM),1998.0,,240,210,6.7,38000.0,0,5.0,400.0
KIA,SPORTAGE 2024(BASE AWD),2480.0,,187,200,8.3,29000.0,0,5.0,250.0
KIA,SPORTAGE X-LINE,2480.0,,187,200,8,32500.0,0,5.0,350.0
KIA,SPORTAGE 2024(S TRIM),2480.0,,187,200,8.2,28000.0,0,5.0,250.0
HONDA,ACCORD,1498.0,,192,201,7.1,29400.0,0,5.0,370.0
KIA,SPORTAGE 2024(HYBRID AWD),1600.0,1.49,227,180,8,37000.0,2,5.0,350.0
KIA,SPORTAGE 2024(PLUG-IN HYBRID AWD),1598.0,13.8,261,180,7.9,42000.0,4,5.0,350.0
KIA,SPORTAGE 2024(X-PRO),2480.0,,187,200,8.1,36000.0,0,5.0,400.0
KIA,SPORTAGE 2024(X-PRO PRESTIGE),2480.0,,187,200,8.1,38000.0,0,5.0,400.0
KIA,SPORTAGE 2024(SX TURBO AWD),1998.0,,240,210,6.5,40000.0,0,5.0,400.0
KIA,SPORTAGE 2024(BASE FWD),2480.0,,187,200,8.5,26500.0,0,5.0,250.0
HONDA,CR-V,1498.0,,190,186,8.2,30000.0,2,5.0,400.0
HONDA,PILOT,3471.0,,285,209,6.3,40000.0,0,8.0,360.0
HONDA,CIVIC HATCHBACK,1498.0,,180,220,6.8,26350.0,0,5.0,300.0
TOYOTA,CAMRY,3500.0,,301,220,6,27000.0,2,5.0,250.0
TOYOTA,COROLLA,1798.0,,139,180,9.4,22500.0,2,5.0,200.0
TOYOTA,PRIUS,1798.0,,121,180,10.5,26700.0,2,5.0,142.0
TOYOTA,RAV4,2494.0,,203,200,8.1,27100.0,2,5.0,400.0
TOYOTA,HIGHLANDER,3456.0,,295,220,7.2,38400.0,2,7.0,370.0
TOYOTA,4RUNNER,3956.0,,270,200,7.5,37400.0,0,5.0,400.0
TOYOTA,TACOMA,2694.0,,159,180,9.5,26400.0,0,5.0,400.0
TOYOTA,TUNDRA,5663.0,,381,220,6.7,39900.0,0,5.0,650.0
TOYOTA,AVALON,3456.0,,301,220,6.9,41400.0,0,5.0,400.0
TOYOTA,MIRAI,1798.0,,151,180,9.2,52400.0,5,5.0,335.0
TOYOTA,SIENNA,2494.0,,245,190,8,44150.0,2,7.0,360.0
TOYOTA,VENZA,2494.0,,219,200,7.5,33400.0,2,5.0,400.0
TOYOTA,HIGHLANDER HYBRID,3456.0,,240,220,8.2,40400.0,2,7.0,350.0
TOYOTA,LAND CRUISER PRADO,3956.0,,282,200,7.2,49400.0,0,7.0,450.0
TOYOTA,TUNDRA HYBRID,3456.0,,344,220,6.2,43400.0,2,5.0,650.0
TOYOTA,YARIS,1496.0,,106,180,11.2,18400.0,0,5.0,150.0
TOYOTA,C-HR,1986.0,,144,200,10.2,24400.0,2,5.0,250.0
TOYOTA,BZ4X,,68.8,218,200,7.5,43400.0,3,5.0,330.0
TOYOTA,CROWN,2494.0,,236,200,7.6,38400.0,2,5.0,400.0
TOYOTA,MR2,1986.0,,168,200,6.9,29000.0,0,2.0,400.0
TOYOTA,CELICA,1986.0,,140,200,8.5,25000.0,0,5.0,250.0
HONDA,CITY,1497.0,,119,180,10.2,15400.0,2,5.0,145.0
HONDA,CIVIC,1996.0,,158,200,8.5,20400.0,0,5.0,400.0
HYUNDAI,I10,1197.0,,87,160,12.2,12400.0,0,5.0,120.0
HYUNDAI,I20,1396.0,,99,180,10.5,15400.0,2,5.0,250.0
HYUNDAI,ELANTRA,1999.0,,147,200,9.5,18400.0,2,5.0,250.0
MAHINDRA,XUV500,2179.0,,155,180,10.5,18400.0,1,7.0,400.0
MAHINDRA,SCORPIO,2179.0,,140,160,11.2,16400.0,1,7.0,280.0
MAHINDRA,THAR,1997.0,,150,180,10.5,20400.0,0,4.0,320.0
MARUTI SUZUKI,SWIFT,1197.0,,83,160,12.2,10400.0,0,5.0,113.0
MARUTI SUZUKI,DZIRE,1197.0,,83,160,12.2,11400.0,0,5.0,113.0
MARUTI SUZUKI,BREZZA,1462.0,,103,180,11.5,14400.0,0,5.0,200.0
TOYOTA,PRIUS PRIME,1998.0,,220,180,6.7,31100.0,4,5.0,220.0
TOYOTA,GR COROLLA,1618.0,,300,230,2.5,36995.0,0,5.0,370.0
TOYOTA,LAND CRUISER 300,3346.0,,305,210,6.8,58500.0,0,7.0,650.0
TOYOTA,TUNDRA I-FORCE MAX,3445.0,,437,180,6.2,56000.0,2,5.0,750.0
TOYOTA,COROLLA HATCHBACK XSE,1987.0,,169,190,8.2,25390.0,0,5.0,250.0
TOYOTA,MIRAI,,1.24,152,180,9,49500.0,5,5.0,335.0
TOYOTA,HILUX GR SPORT,2755.0,,224,170,10,50000.0,0,5.0,500.0
TOYOTA,ALPHARD EXECUTIVE LOUNGE,2975.0,,296,180,8.5,60000.0,0,7.0,400.0
TOYOTA,FORTUNER GR SPORT,2755.0,,204,175,10.5,55000.0,0,7.0,500.0
TOYOTA,INNOVA HYCROSS,1987.0,,184,165,9.5,40000.0,2,7.0,250.0
TOYOTA,COASTER,4009.0,,134,120,6.5,70000.0,1,20.0,500.0
TOYOTA,URBAN CRUISER TAISOR,1490.0,,114,170,11,25000.0,0,5.0,130.0
TOYOTA,AYGO X,998.0,,71,160,14.8,18000.0,0,4.0,93.0
TOYOTA,HILUX REVO ROCCO,2755.0,,204,175,10,50000.0,1,5.0,500.0
TOYOTA,PROACE VERSO ELECTRIC,,75.0,136,130,13.5,55000.0,3,7.0,280.0
TOYOTA,CENTURY SUV,3456.0,,406,200,6,170000.0,0,5.0,500.0
TOYOTA,COROLLA SEDAN HYBRID,1798.0,,134,180,10,24000.0,2,5.0,300.0
TOYOTA,BZ3,,65.0,241,160,7.5,35000.0,3,5.0,340.0
TOYOTA,GR YARIS,1618.0,,268,230,5.5,45000.0,0,4.0,390.0
HYUNDAI,SANTA FE,1600.0,,253,180,9.3,50000.0,2,7.0,420.0
HYUNDAI,IONIQ 5,,72.6,225,185,7.4,41000.0,3,5.0,350.0
HYUNDAI,Santa Cruz,2500.0,,281,215,6.5,40799.0,0,5.0,400.0
HYUNDAI,Kona,1591.0,,147,185,7.5,20500.0,2,5.0,400.0
HYUNDAI,Elantra,2000.0,,147,210,8.3,19950.0,2,5.0,250.0
NISSAN,Urvan,,,2488,140,14,28000.0,1,15.0,356.0
HYUNDAI,IONIQ 6,,65.5,320,185,5.2,41450.0,3,5.0,350.0
HYUNDAI,Tucson,2500.0,,187,180,6.1,30500.0,2,5.0,400.0
HYUNDAI,Palisade,3800.0,,291,240,6.3,52000.0,0,7.0,355.0
HYUNDAI,Sonata,2500.0,,191,240,8,25000.0,2,5.0,250.0
HYUNDAI,Accent,1600.0,,120,180,9.8,15000.0,0,5.0,151.0
HYUNDAI,Venue,1600.0,,121,180,9.5,18000.0,0,5.0,240.0
HYUNDAI,KONA Electric,,39.2,200,200,6.1,40000.0,3,5.0,395.0
HYUNDAI,Veloster,2000.0,,275,220,6,25000.0,0,4.0,264.0
HYUNDAI,NEXO,,1.56,161,180,7.8,38000.0,5,5.0,400.0
HYUNDAI,Ioniq,1600.0,,139,160,8.5,18000.0,2,5.0,295.0
HYUNDAI,Genesis,3800.0,,291,240,6.3,52000.0,0,5.0,400.0
HYUNDAI,Azera,3300.0,,278,240,6.5,55000.0,0,5.0,250.0
HYUNDAI,Equus,3300.0,,278,240,6.5,55000.0,0,5.0,400.0
HYUNDAI,Tiburon,2000.0,,160,200,8.2,19000.0,0,4.0,320.0
HYUNDAI,Elantra GT,2000.0,,160,200,8.3,22000.0,0,5.0,320.0
VOLKSWAGEN,Golf,1498.0,49.0,215,210,8.5,23000.0,0,5.0,250.0
VOLKSWAGEN,Passat,1984.0,,215,210,7.8,25000.0,0,5.0,250.0
VOLKSWAGEN,Tiguan,1984.0,,190,209,8.5,28505.0,2,7.0,300.0
VOLKSWAGEN,Jetta,1498.0,,189,210,7.7,21995.0,0,5.0,250.0
VOLKSWAGEN,Polo,1298.5,,140,190,9.5,18000.0,0,5.0,175.0
VOLKSWAGEN,Arteon,1984.0,,215,250,5.6,46000.0,0,5.0,350.0
VOLKSWAGEN,ID.4,,77.0,252,160,7.8,39735.0,3,5.0,310.0
VOLKSWAGEN,Up!,,32.3,82,160,13,15000.0,0,4.0,95.0
VOLKSWAGEN,Touareg,3461.5,,366,235,5.9,55000.0,0,5.0,600.0
VOLKSWAGEN,Scirocco,1984.0,,202,233,6,35000.0,0,4.0,350.0
VOLKSWAGEN,Beetle,1984.0,,158,205,7,20000.0,0,4.0,240.0
VOLKSWAGEN,Amarok,2967.0,,210,180,7.9,40000.0,1,5.0,550.0
VOLKSWAGEN,T-Roc,1984.0,,208,205,7.2,30000.0,0,5.0,320.0
VOLKSWAGEN,Sharan,1984.0,,185,200,9.3,33000.0,0,7.0,280.0
VOLKSWAGEN,Caddy,1498.0,,126,185,10.5,28000.0,0,7.0,250.0
NISSAN,NV1500,3954.0,,261,160,9.5,33000.0,0,12.0,385.0
VOLKSWAGEN,Taigo,1498.0,,122,183,10,24000.0,0,5.0,200.0
VOLKSWAGEN,California,1984.0,,177,180,13,70000.0,1,7.0,340.0
VOLKSWAGEN,ID.3,,67.5,204,160,7.3,35000.0,3,5.0,310.0
VOLKSWAGEN,ID. Buzz,,77.0,204,145,10.2,59995.0,3,7.0,310.0
VOLKSWAGEN,Golf GTI,1984.0,,245,250,5.9,31965.0,0,5.0,350.0
VOLKSWAGEN,Golf R,1984.0,,315,250,4.6,44640.0,0,5.0,420.0
VOLKSWAGEN,Passat Alltrack,1968.0,,215,220,7.8,36000.0,1,5.0,400.0
VOLKSWAGEN,Polo GTI,1984.0,,204,238,6.7,28000.0,0,5.0,320.0
VOLKSWAGEN,Up! GTI,999.0,,115,196,8.8,20000.0,0,4.0,200.0
VOLKSWAGEN,T-Cross,1248.5,,122,200,10.2,25000.0,0,5.0,250.0
VOLKSWAGEN,ID.5,,77.0,236,180,8.4,45000.0,3,5.0,310.0
VOLKSWAGEN,ID. Buzz Cargo,,77.0,204,145,10.2,55000.0,3,3.0,310.0
VOLKSWAGEN,Touareg R,2995.0,,462,250,5.1,70000.0,2,5.0,700.0
VOLKSWAGEN,Multivan,1681.5,,184,190,9.4,50000.0,2,7.0,350.0
VOLKSWAGEN,Polo BlueMotion,1199.0,,85,190,10.5,22000.0,1,5.0,250.0
VOLKSWAGEN,Golf Sportsvan,1498.0,,140,210,8.9,30000.0,0,5.0,250.0
VOLKSWAGEN,Golf Alltrack,1968.0,,174,210,7.1,35000.0,0,5.0,350.0
VOLKSWAGEN,Scirocco R,1984.0,,280,250,5.5,40000.0,0,4.0,350.0
VOLKSWAGEN,Tiguan Allspace,1984.0,,207,215,7.6,35000.0,0,7.0,320.0
VOLKSWAGEN,Arteon 4MOTION,1984.0,,255,250,5.6,48000.0,0,5.0,350.0
VOLKSWAGEN,ID.4 GTX,,77.0,299,180,6.2,50000.0,3,5.0,460.0
VOLKSWAGEN,ID.3 Pro,,58.0,204,160,7.3,35000.0,3,5.0,310.0
VOLKSWAGEN,Golf Variant,1733.0,,140,220,7.5,32000.0,0,5.0,320.0
VOLKSWAGEN,Crafter,1968.0,,140,160,13,40000.0,1,3.0,410.0
VOLKSWAGEN,Lupo,1294.5,,68,170,14.3,15000.0,0,4.0,120.0
VOLKSWAGEN,Corrado,2861.0,,190,235,6.4,25000.0,0,4.0,245.0
VOLKSWAGEN,Phaeton,4482.5,,345,250,6.1,85000.0,0,5.0,560.0
VOLKSWAGEN,Golf Cabriolet,1590.5,,158,217,8.4,30000.0,0,4.0,200.0
VOLKSWAGEN,Santana,1498.0,,110,190,12.9,15000.0,0,5.0,145.0
VOLKSWAGEN,Polo Vivo,1494.0,,95,170,10.8,14000.0,0,5.0,132.0
VOLKSWAGEN,Karmann Ghia,1192.0,,47,138,23,25000.0,0,2.0,106.0
VOLKSWAGEN,Fox,1294.0,,65,148,17.5,12000.0,0,5.0,93.0
VOLKSWAGEN,Vento,1598.0,,108,186,11.7,18000.0,0,5.0,153.0
VOLKSWAGEN,Golf Electric,,35.8,136,140,10.4,33000.0,3,5.0,290.0
VOLKSWAGEN,Bora,1747.0,,125,200,9.4,20000.0,0,5.0,220.0
VOLKSWAGEN,Teramont,2790.5,,256,190,8.6,32000.0,0,7.0,350.0
VOLKSWAGEN,Taos,1498.0,,158,193,8.4,24000.0,0,5.0,250.0
VOLKSWAGEN,Up! Cabriolet,999.0,,98,160,12.4,18000.0,0,4.0,95.0
VOLKSWAGEN,T-Roc Cabriolet,1248.5,,132,205,9.6,35000.0,0,4.0,250.0
VOLKSWAGEN,Passat CC,1984.0,,240,240,7.3,40000.0,0,5.0,280.0
VOLKSWAGEN,Transporter,1968.0,,153,180,12.2,35000.0,1,9.0,340.0
VOLKSWAGEN,Amarok V6,2967.0,,231,191,7.9,45000.0,1,5.0,580.0
VOLKSWAGEN,ID.2,,50.0,170,160,8,25000.0,3,5.0,220.0
VOLKSWAGEN,Polo TDI,1494.0,,90,190,9.9,20000.0,1,5.0,250.0
VOLKSWAGEN,Golf GTE,1395.0,,204,222,7.6,40000.0,2,5.0,350.0
VOLKSWAGEN,Touareg V8,3956.0,,421,250,4.9,70000.0,0,5.0,770.0
VOLKSWAGEN,Beetle Dune,1395.0,,150,200,7.5,30000.0,0,4.0,250.0
VOLKSWAGEN,Passat B8,1733.0,,215,210,8.7,28000.0,0,5.0,250.0
VOLKSWAGEN,ID.4 Pro S,,77.0,201,180,7.8,45000.0,3,5.0,310.0
VOLKSWAGEN,Golf Cabriolet,1590.5,,158,217,8.4,30000.0,0,4.0,200.0
VOLKSWAGEN,Golf Country,1781.0,,98,165,12,25000.0,0,5.0,170.0
VOLKSWAGEN,Jetta GLI,1984.0,,228,250,6.5,31000.0,0,5.0,350.0
VOLKSWAGEN,Arteon Shooting Brake,1984.0,,235,250,5.6,50000.0,0,5.0,420.0
VOLKSWAGEN,T-Cross R-Line,1248.5,,132,200,8.5,27000.0,0,5.0,250.0
VOLKSWAGEN,Golf R32,3189.0,,240,250,6.2,40000.0,0,5.0,320.0
VOLKSWAGEN,Passat B7,1791.0,,180,220,8.5,26000.0,0,5.0,280.0
VOLKSWAGEN,Scirocco 16V,1781.0,,137,220,7.1,35000.0,0,4.0,230.0
VOLKSWAGEN,Polo BlueMotion,1199.0,,85,190,10.5,20000.0,1,5.0,210.0
VOLKSWAGEN,Golf Variant GTD,1968.0,,184,230,7.5,38000.0,1,5.0,380.0
VOLKSWAGEN,Polo GTI R5,1598.0,,272,200,4.1,45000.0,0,5.0,400.0
VOLKSWAGEN,ID. Buzz Pro,,77.0,204,145,10.2,60000.0,3,7.0,310.0
VOLKSWAGEN,Jetta Hybrid,1395.0,,170,210,8.6,28000.0,2,5.0,250.0
VOLKSWAGEN,Golf Variant Alltrack,1968.0,,175,220,7.8,35000.0,0,5.0,320.0
VOLKSWAGEN,Volkswagen XL1,800.0,,68,160,11.9,150000.0,2,2.0,140.0
VOLKSWAGEN,Golf TDI,1968.0,,167,220,8,28000.0,1,5.0,350.0
VOLKSWAGEN,Passat Variant,1733.0,,195,220,8.5,30000.0,0,5.0,280.0
VOLKSWAGEN,Polo GTI Clubsport,1984.0,,300,240,6.7,30000.0,0,5.0,320.0
VOLKSWAGEN,Jetta Hybrid,1395.0,,170,210,8.6,28000.0,2,5.0,250.0
VOLKSWAGEN,ID.3 GTX,,77.0,299,180,6.2,45000.0,3,5.0,310.0
VOLKSWAGEN,Arteon R-Line,1984.0,,235,250,5.6,50000.0,0,5.0,420.0
VOLKSWAGEN,Golf TGI,1498.0,,130,220,8.8,30000.0,0,5.0,200.0
VOLKSWAGEN,Scirocco GTS,1984.0,,220,246,6.5,35000.0,0,4.0,350.0
VOLKSWAGEN,Caddy Maxi,1968.0,,136,180,12,25000.0,1,7.0,250.0
VOLKSWAGEN,Volkswagen Lupo 3L,1199.0,,61,165,14.5,20000.0,1,4.0,140.0
VOLKSWAGEN,Polo Beats,999.0,,95,187,9.5,22000.0,0,5.0,175.0
VOLKSWAGEN,Passat Hybrid,1395.0,,215,210,7.4,32000.0,2,5.0,330.0
VOLKSWAGEN,Golf TCR,1984.0,,290,250,5.6,40000.0,0,5.0,370.0
VOLKSWAGEN,Tiguan R-Line,1984.0,,210,250,4.9,45000.0,0,5.0,420.0
VOLKSWAGEN,Sharan Business,1968.0,,167,200,8.3,35000.0,1,7.0,350.0
VOLKSWAGEN,ID. Buzz Cargo Pro,,77.0,204,145,10.2,55000.0,3,2.0,310.0
VOLKSWAGEN,Arteon 280 TSI,1984.0,,280,250,5.6,50000.0,0,5.0,350.0
VOLKSWAGEN,Jetta GLI 35th,1984.0,,228,250,6.5,31000.0,0,5.0,350.0
VOLKSWAGEN,Beetle Final Edition,1984.0,,174,205,7,25000.0,0,4.0,250.0
VOLKSWAGEN,Golf Variant TDI,1968.0,,167,220,7.8,30000.0,1,5.0,350.0
VOLKSWAGEN,Golf 4MOTION,1968.0,,167,250,4.9,40000.0,0,5.0,400.0
VOLKSWAGEN,Jetta SportWagen,1681.5,,148,200,8.5,27000.0,0,5.0,250.0
VOLKSWAGEN,Polo GTI Plus,1984.0,,207,237,6.7,30000.0,0,5.0,320.0
VOLKSWAGEN,Touareg V6,2967.0,,286,235,7.5,60000.0,0,5.0,450.0
VOLKSWAGEN,Tiguan eHybrid,1395.0,,245,200,7.5,42000.0,2,5.0,400.0
VOLKSWAGEN,Up! e-up!,,32.3,83,130,11.9,23000.0,3,4.0,210.0
VOLKSWAGEN,Amarok V8,3996.0,,325,210,7.4,70000.0,1,5.0,580.0
VOLKSWAGEN,Golf R Cabriolet,1984.0,,265,250,5.9,45000.0,0,4.0,380.0
VOLKSWAGEN,Passat Alltrack TDI,1968.0,,190,220,8,40000.0,1,5.0,400.0
VOLKSWAGEN,ID. Buzz Cargo EV,,77.0,204,145,10.2,55000.0,3,2.0,310.0
NISSAN,Versa,1598.0,,122,180,10.4,16700.0,0,5.0,154.0
NISSAN,Micra,999.0,,100,175,10.8,15500.0,0,5.0,160.0
NISSAN,Patrol Platinum,5552.0,,400,210,7.3,77000.0,0,7.0,560.0
NISSAN,Qashqai,1332.0,,156,195,8.9,26000.0,0,5.0,260.0
NISSAN,Murano,3498.0,,260,210,7.5,39000.0,0,5.0,325.0
NISSAN,Maxima Platinum,3498.0,,300,220,6.2,45000.0,0,5.0,353.0
NISSAN,Armada,5552.0,,400,210,6.5,51000.0,0,8.0,560.0
NISSAN,Kicks,1598.0,,122,180,10.7,20000.0,0,5.0,154.0
NISSAN,X-Trail,1498.0,,201,200,8,29000.0,2,5.0,305.0
NISSAN,Z (Fairlady Z),2997.0,,400,250,4.5,40000.0,0,2.0,475.0
NISSAN,Almera,999.0,,100,185,10.7,14500.0,0,5.0,160.0
NISSAN,Sylphy,1798.0,,137,190,9.6,18000.0,0,5.0,174.0
NISSAN,Note,1198.0,,109,170,11.5,16000.0,2,5.0,150.0
NISSAN,Sunny,1598.0,,118,180,11,15000.0,0,5.0,156.0
NISSAN,Cube,1798.0,,122,175,10.6,14500.0,0,5.0,171.0
NISSAN,Juke,999.0,,117,180,10.4,25000.0,0,5.0,180.0
NISSAN,Terrano,1461.0,,110,168,13.5,15500.0,1,5.0,248.0
NISSAN,Magnite,999.0,,100,160,13,12000.0,0,5.0,160.0
NISSAN,Xterra,3954.0,,261,200,7.8,35000.0,0,7.0,381.0
NISSAN,Patrol,5552.0,,400,210,7.3,77000.0,0,7.0,560.0
NISSAN,GT-R NISMO,3799.0,,600,330,2.9,220000.0,0,2.0,652.0
NISSAN,370Z Roadster,3696.0,,332,250,5.5,41820.0,0,2.0,366.0
NISSAN,Ariya,,87.0,389,200,5.1,58950.0,3,5.0,600.0
NISSAN,Patrol Royale,5552.0,,400,210,6.6,85000.0,0,7.0,560.0
NISSAN,Infiniti QX80*,5552.0,,400,210,6.5,70600.0,0,7.0,560.0
NISSAN,Tiida,1598.0,,126,190,10.1,14500.0,0,5.0,154.0
NISSAN,Pulsar,1197.0,,115,190,10.7,19000.0,0,5.0,190.0
NISSAN,Latio,1498.0,,102,175,11.5,13000.0,0,5.0,139.0
NISSAN,Bluebird Sylphy,1997.0,,133,185,10.5,18500.0,0,5.0,191.0
NISSAN,March,1198.0,,79,170,13.7,12000.0,0,5.0,106.0
NISSAN,Rogue Sport,1997.0,,141,190,9.8,24960.0,0,5.0,199.0
NISSAN,X-Trail Hybrid,1997.0,,179,180,9.4,28500.0,2,5.0,207.0
NISSAN,Pathfinder Rock Creek,3498.0,,284,190,7.4,42820.0,0,7.0,351.0
NISSAN,Armada Platinum,5552.0,,400,210,6.5,65300.0,0,8.0,560.0
NISSAN,Terrano XL,1598.0,,104,165,12.5,14000.0,0,5.0,145.0
NISSAN,GT-R50 by Italdesign,3799.0,,720,315,2.5,1100000.0,0,2.0,780.0
NISSAN,370Z NISMO,3696.0,,350,250,5.2,45790.0,0,2.0,374.0
NISSAN,Ariya E-4ORCE,,87.0,389,200,5.1,60000.0,3,5.0,600.0
NISSAN,Patrol NISMO,5552.0,,428,210,6.5,105000.0,0,7.0,560.0
NISSAN,Infiniti Q60*,2997.0,,300,250,5,41750.0,0,4.0,400.0
NISSAN,Primera,1998.0,,140,200,9.6,20000.0,0,5.0,190.0
NISSAN,Skyline,2997.0,,400,250,5,50000.0,0,5.0,475.0
NISSAN,Cedric,1998.0,,150,190,10.5,22000.0,0,5.0,190.0
NISSAN,Gloria,2498.0,,210,210,8.6,30000.0,0,5.0,250.0
NISSAN,Stanza,1796.0,,120,175,11,18500.0,0,5.0,170.0
NISSAN,Patrol Super Safari,4750.0,,280,190,8.2,55000.0,0,7.0,451.0
NISSAN,Pathfinder Hybrid,2488.0,,250,190,7.7,42500.0,2,7.0,329.0
NISSAN,X-Terra Pro-4X,2498.0,,190,175,10.8,40000.0,0,7.0,240.0
NISSAN,Rogue Platinum,1497.0,,201,180,8.2,38000.0,0,5.0,300.0
NISSAN,Qashqai Tekna,1332.0,,158,190,9.2,36000.0,2,5.0,270.0
NISSAN,GT-R V-Spec,3799.0,,600,330,2.8,175000.0,0,2.0,652.0
NISSAN,Skyline NISMO,2997.0,,420,270,4.7,55000.0,0,5.0,475.0
NISSAN,Ariya Lounge Edition,,87.0,389,200,5.1,63000.0,3,5.0,600.0
NISSAN,Patrol Titanium,5552.0,,428,210,6.5,98000.0,0,7.0,560.0
NISSAN,Infiniti FX50*,5026.0,,390,250,5.6,61750.0,0,5.0,500.0
NISSAN,Avenir,1998.0,,140,180,9.8,20000.0,0,5.0,186.0
NISSAN,Wingroad,1798.0,,125,175,10.8,18000.0,0,5.0,168.0
NISSAN,Presea,1838.0,,115,170,11.5,17500.0,0,5.0,161.0
NISSAN,Leopard,2960.0,,210,200,8.4,32000.0,0,5.0,265.0
NISSAN,Sunny NISMO Edition,1598.0,,190,200,7.5,24000.0,0,5.0,240.0
NISSAN,Paladin,2438.0,,150,180,10.6,20000.0,0,5.0,217.0
NISSAN,Hardbody SUV,2498.0,,158,175,11,18500.0,0,5.0,225.0
NISSAN,Patrol Desert Edition,5552.0,,428,210,6.5,95000.0,0,7.0,560.0
NISSAN,Pathfinder Armada,5552.0,,400,200,6.5,60000.0,0,7.0,560.0
NISSAN,Rogue Midnight Edition,1497.0,,201,180,8.2,39000.0,0,5.0,300.0
NISSAN,GT-R Black Edition,3799.0,,600,330,2.8,185000.0,0,2.0,652.0
NISSAN,Fairlady Z Heritage,2997.0,,400,250,4.2,48000.0,0,2.0,475.0
NISSAN,Skyline GT-R R34,2568.0,,276,250,5.6,70000.0,0,4.0,392.0
NISSAN,Ariya Premiere,,87.0,389,200,5.1,67000.0,3,5.0,600.0
NISSAN,Infiniti QX55*,1997.0,,268,230,6.5,50000.0,0,5.0,380.0
NISSAN,NV350 Caravan,2488.0,,129,155,12.5,28000.0,1,8.0,356.0
NISSAN,Navara,2298.0,,190,180,10.2,32000.0,1,5.0,450.0
NISSAN,Titan XD,5552.0,,400,195,6.9,55000.0,0,6.0,560.0
NISSAN,Evalia,1461.0,,85,140,15,25000.0,1,7.0,200.0
NISSAN,Cabstar,2488.0,,130,145,14.8,27000.0,1,3.0,350.0
NISSAN,Cherry,1397.0,,67,145,14,14000.0,0,5.0,110.0
NISSAN,Laurel,2825.0,,94,160,12.5,22000.0,1,5.0,184.0
NISSAN,Silvia,1998.0,,247,235,5.9,45000.0,0,4.0,275.0
NISSAN,NX Coupe,1998.0,,140,200,9,22000.0,0,4.0,180.0
NISSAN,AD Wagon,1498.0,,105,165,12.3,16000.0,0,5.0,150.0
NISSAN,Patrol Super Safari Y61,4750.0,,280,190,8.2,58000.0,0,7.0,451.0
NISSAN,Pathfinder Rock Creek Edition,3498.0,,284,195,7.2,44000.0,0,7.0,351.0
NISSAN,Terrano II,2664.0,,125,160,12.9,28000.0,1,5.0,278.0
NISSAN,Murano CrossCabriolet,3498.0,,260,195,7.6,47000.0,0,4.0,325.0
NISSAN,X-Trail Tekna,1497.0,,204,190,8,43000.0,2,5.0,305.0
NISSAN,GT-R LM NISMO,3000.0,,500,320,3,600000.0,2,2.0,650.0
NISSAN,Skyline 400R,2997.0,,400,250,4.5,70000.0,0,5.0,475.0
NISSAN,Infiniti G37*,3696.0,,328,250,5.5,42000.0,0,5.0,365.0
NISSAN,Patrol Black Edition,5552.0,,400,200,6.5,85000.0,0,7.0,560.0
NISSAN,Ariya Empower+,,87.0,389,200,5.1,68000.0,3,5.0,600.0
NISSAN,Datsun 510 (Classic),1595.0,,96,175,10.2,25000.0,0,4.0,135.0
NISSAN,200SX,1998.0,,200,240,7.2,30000.0,0,4.0,265.0
NISSAN,300ZX,2960.0,,300,250,5.9,50000.0,0,4.0,384.0
NISSAN,R390 GT1 Road Car,3495.0,,550,354,3.3,1000000.0,0,2.0,637.0
NISSAN,Figaro,987.0,,76,170,12.8,20000.0,0,4.0,103.0
NISSAN,Hardbody Truck,2389.0,,134,160,10.6,25000.0,0,5.0,206.0
NISSAN,Atlas,2999.0,,130,130,18,35000.0,1,3.0,300.0
NISSAN,Clipper,659.0,,48,110,18.5,10000.0,0,4.0,62.0
NISSAN,NV200,1998.0,,131,140,14,28000.0,0,7.0,188.0
NISSAN,Violet,1770.0,,85,155,13.8,18000.0,0,5.0,130.0
NISSAN,Bluebird Z,1998.0,,140,190,11,23000.0,0,5.0,180.0
NISSAN,Stanza Wagon,2389.0,,138,160,12,22000.0,0,7.0,205.0
NISSAN,180SX,1998.0,,205,240,6.8,35000.0,0,4.0,275.0
NISSAN,Sunny California,1597.0,,110,170,11,18000.0,0,5.0,140.0
NISSAN,Patrol Warrior,5552.0,,428,205,6.3,95000.0,0,7.0,580.0
NISSAN,Pathfinder Armada Platinum,5552.0,,400,190,6.8,70000.0,0,7.0,560.0
NISSAN,Rogue Sport SL,1998.0,,141,190,9,32000.0,0,5.0,195.0
NISSAN,X-Trail Platinum Edition,1497.0,,204,190,8,46000.0,2,5.0,305.0
NISSAN,Qashqai e-Power,1497.0,,187,200,7.5,40000.0,2,5.0,330.0
NISSAN,GT-R Egoist,3799.0,,565,315,2.8,220000.0,0,2.0,637.0
NISSAN,Infiniti M45*,4494.0,,325,250,5.8,50000.0,0,5.0,451.0
NISSAN,Skyline 50th Anniversary,2997.0,,400,250,4.5,75000.0,0,5.0,475.0
NISSAN,Ariya Dual Motor AWD,,87.0,389,200,5.1,70000.0,3,5.0,600.0
NISSAN,Patrol Legend Edition,5552.0,,428,205,6.3,95000.0,0,7.0,580.0
NISSAN,Datsun 240Z (Classic),2393.0,,151,210,8,45000.0,0,2.0,198.0
NISSAN,100NX,1597.0,,110,185,9.6,18000.0,0,4.0,135.0
NISSAN,Cedric Special Edition,2960.0,,250,225,8.5,60000.0,0,5.0,330.0
NISSAN,300ZX Turbo,2960.0,,300,250,5.9,55000.0,0,4.0,384.0
NISSAN,Silvia S15 Spec-R,1998.0,,250,240,5.6,35000.0,0,4.0,300.0
NISSAN,NV400,2298.0,,135,150,15,40000.0,1,3.0,360.0
NISSAN,Titan Warrior,5552.0,,400,180,7,55000.0,0,5.0,560.0
NISSAN,Caravan Coach,2498.0,,127,140,14,30000.0,1,7.0,260.0
NISSAN,Serena e-Power,1198.0,,134,160,12,35000.0,2,7.0,320.0
NISSAN,Elgrand,3498.0,,280,200,8.5,50000.0,0,7.0,344.0
NISSAN,Datsun 510,1595.0,,96,175,10.2,25000.0,0,4.0,135.0
NISSAN,Prairie,1998.0,,120,175,11,18000.0,0,5.0,170.0
NISSAN,Pulsar GTI-R,1998.0,,230,225,6,30000.0,0,5.0,280.0
NISSAN,Almera Tino,1769.0,,114,180,12.5,15000.0,0,5.0,160.0
NISSAN,Lucino,1597.0,,115,185,10.5,12000.0,0,5.0,150.0
NISSAN,Rasheen,1497.0,,105,165,13,10000.0,0,5.0,135.0
NISSAN,Mistral,2663.0,,125,160,12.5,25000.0,1,7.0,260.0
NISSAN,Patrol Y60,4169.0,,155,160,12,45000.0,1,7.0,330.0
NISSAN,X-Trail GT,1998.0,,280,215,6.4,38000.0,0,5.0,310.0
NISSAN,Terrano Regulus,3275.0,,170,175,10,28000.0,0,5.0,290.0
NISSAN,President,4494.0,,280,210,7.5,70000.0,0,5.0,400.0
NISSAN,Cima,4130.0,,270,210,8,60000.0,0,5.0,390.0
NISSAN,Leopard J. Ferie,2960.0,,255,215,6.5,45000.0,0,5.0,340.0
NISSAN,Gloria Gran Turismo,2960.0,,255,220,6.5,50000.0,0,5.0,340.0
NISSAN,Infiniti Q45*,4494.0,,340,240,6.2,50000.0,0,5.0,450.0
NISSAN,Datsun 240Z,2393.0,,151,210,8,45000.0,0,2.0,198.0
NISSAN,280ZX,2753.0,,145,205,9.5,35000.0,0,2.0,210.0
NISSAN,Silvia S13,1809.0,,175,215,6.8,20000.0,0,4.0,230.0
NISSAN,200SX,1998.0,,200,225,7,25000.0,0,4.0,260.0
NISSAN,NX Coupe,1839.0,,140,200,9,18000.0,0,4.0,180.0
NISSAN,NV2500,3954.0,,261,160,10,36000.0,0,2.0,385.0
NISSAN,NV3500,5552.0,,375,170,9,42000.0,0,2.0,525.0
NISSAN,NT400 Cabstar,2953.0,,150,140,15,35000.0,1,3.0,350.0
PORSCHE,Panamera,2894.0,,330,270,5.6,88000.0,0,4.0,450.0
PORSCHE,Panamera 4,2894.0,,330,270,5.4,92000.0,0,4.0,450.0
PORSCHE,Panamera 4S,2894.0,,440,289,4.4,105000.0,0,4.0,550.0
PORSCHE,Panamera Turbo S,3996.0,,620,315,3.1,180000.0,0,4.0,820.0
PORSCHE,Panamera GTS,3996.0,,473,300,3.9,130000.0,0,4.0,620.0
PORSCHE,Panamera Platinum Edition,2894.0,,330,270,5.4,102000.0,0,4.0,450.0
PORSCHE,Panamera E-Hybrid,,17.9,455,280,4.4,115000.0,2,4.0,700.0
PORSCHE,Panamera 4 E-Hybrid Sport Turismo,,17.9,455,280,4.4,120000.0,2,4.0,700.0
PORSCHE,Panamera Turbo S E-Hybrid,,17.9,690,315,3.2,190000.0,2,4.0,870.0
PORSCHE,Panamera 4 Executive,2894.0,,330,270,5.6,95000.0,0,4.0,450.0
PORSCHE,Cayenne,2995.0,,335,245,5.9,80000.0,0,5.0,450.0
PORSCHE,Cayenne Coupe,2995.0,,335,245,6,85000.0,0,5.0,450.0
PORSCHE,Cayenne S,2894.0,,434,265,5,95000.0,0,5.0,550.0
PORSCHE,Cayenne Turbo,3996.0,,541,286,4,130000.0,0,5.0,770.0
PORSCHE,Cayenne GTS,3996.0,,453,270,4.5,110000.0,0,5.0,620.0
PORSCHE,Cayenne Turbo S E-Hybrid,,17.9,670,295,3.6,170000.0,2,5.0,900.0
PORSCHE,Macan,1984.0,,261,232,6.2,60000.0,0,5.0,400.0
PORSCHE,Macan S,2894.0,,375,259,4.8,75000.0,0,5.0,520.0
PORSCHE,Macan GTS,2894.0,,434,272,4.5,85000.0,0,5.0,550.0
PORSCHE,Macan T,1984.0,,261,232,6.2,65000.0,0,5.0,400.0
PORSCHE,911 Carrera,2981.0,,379,293,4.2,110000.0,0,4.0,450.0
PORSCHE,911 Carrera S,2981.0,,443,308,3.5,131300.0,0,4.0,528.0
PORSCHE,911 Carrera 4,2981.0,,379,293,4.2,106500.0,0,4.0,450.0
PORSCHE,911 Carrera 4S,2981.0,,443,306,3.4,113300.0,0,4.0,528.0
PORSCHE,911 Targa 4,2981.0,,379,289,4.4,121300.0,0,4.0,450.0
PORSCHE,911 Turbo,3745.0,,572,320,2.7,197200.0,0,4.0,750.0
PORSCHE,911 Turbo S,3745.0,,640,330,2.6,230400.0,0,4.0,800.0
PORSCHE,911 GT3,3996.0,,502,318,3.4,161100.0,0,2.0,469.0
PORSCHE,911 GT3 RS,3996.0,,518,296,3.2,241300.0,0,2.0,465.0
PORSCHE,911 Dakar,2981.0,,473,240,3.4,222000.0,0,2.0,570.0
PORSCHE,Taycan,,79.2,402,230,5.4,86700.0,3,4.0,344.0
PORSCHE,Taycan 4S,,79.2,522,250,4,103800.0,3,4.0,640.0
PORSCHE,Taycan Turbo,,93.4,670,260,3.2,150900.0,3,4.0,850.0
PORSCHE,Taycan Turbo S,,93.4,750,260,2.8,185000.0,3,4.0,1050.0
PORSCHE,Taycan GTS,,93.4,590,250,3.5,132750.0,3,4.0,850.0
PORSCHE,Taycan Cross Turismo,,93.4,469,220,4.8,97700.0,3,5.0,500.0
PORSCHE,Taycan Sport Turismo,,79.2,509,240,4.1,104000.0,3,5.0,650.0
PORSCHE,718 Cayman,1988.0,,300,275,4.9,63400.0,0,2.0,380.0
PORSCHE,718 Cayman S,2497.0,,350,285,4.4,75400.0,0,2.0,420.0
PORSCHE,718 Cayman GT4,3995.0,,414,302,4.2,100200.0,0,2.0,420.0
PORSCHE,718 Cayman GT4 RS,3996.0,,493,315,3.2,141700.0,0,2.0,450.0
PORSCHE,718 Boxster,1988.0,,300,275,4.9,65500.0,0,2.0,380.0
PORSCHE,718 Boxster T,1988.0,,300,275,4.7,69600.0,0,2.0,380.0
PORSCHE,718 Boxster GTS,3995.0,,394,293,4.3,90300.0,0,2.0,430.0
PORSCHE,718 Spyder,3995.0,,414,301,4.1,98300.0,0,2.0,420.0
PORSCHE,Panamera Base,2894.0,,325,265,5.6,92300.0,0,4.0,450.0
PORSCHE,Panamera 4 E-Hybrid,2894.0,,462,280,4.4,113300.0,2,4.0,700.0
PORSCHE,Panamera 4 Sport Turismo,2894.0,,325,265,5.5,101400.0,0,4.0,450.0
PORSCHE,Panamera Turbo S E-Hybrid Sport Turismo,3996.0,,690,315,3.2,200200.0,2,4.0,870.0
PORSCHE,Panamera 4S E-Hybrid Executive,2894.0,,560,295,3.7,128900.0,2,4.0,750.0
PORSCHE,Panamera Platinum Edition,2894.0,,325,265,5.6,98300.0,0,4.0,450.0
PORSCHE,Panamera GTS Sport Turismo,3996.0,,473,300,3.9,136900.0,0,4.0,620.0
PORSCHE,Panamera Turbo Executive,3996.0,,550,306,3.8,175200.0,0,4.0,770.0
PORSCHE,Panamera Turbo S Exclusive Series,3996.0,,570,310,3.8,290000.0,0,4.0,800.0
PORSCHE,Panamera 4S,2894.0,,443,289,4.1,105000.0,0,4.0,550.0
PORSCHE,Macan Base,1984.0,,265,232,6.4,58000.0,0,5.0,400.0
PORSCHE,Macan T,1984.0,,265,233,6.2,63000.0,0,5.0,400.0
PORSCHE,Macan S,2894.0,,375,259,4.6,70400.0,0,5.0,520.0
PORSCHE,Macan GTS,2894.0,,434,272,4.3,82900.0,0,5.0,550.0
PORSCHE,Macan EV,,95.0,603,240,4,85000.0,3,5.0,750.0
PORSCHE,Cayenne Base,2995.0,,335,245,5.9,72200.0,0,5.0,450.0
PORSCHE,Cayenne E-Hybrid,2995.0,,455,253,4.8,91000.0,2,5.0,700.0
PORSCHE,Cayenne S Coupe,2894.0,,434,263,4.7,94300.0,0,4.0,550.0
PORSCHE,Cayenne Turbo GT,3996.0,,631,300,3.3,182150.0,0,4.0,850.0
PORSCHE,Cayenne Platinum Edition,2995.0,,335,245,5.8,79000.0,0,5.0,450.0
PORSCHE,Cayenne Turbo S E-Hybrid Coupe,3996.0,,670,295,3.6,167800.0,2,4.0,900.0
PORSCHE,Cayenne GTS Coupe,3996.0,,453,270,4.5,111200.0,0,4.0,620.0
PORSCHE,Cayenne Diesel (Regional Markets),2967.0,,262,221,7.3,69000.0,1,5.0,580.0
PORSCHE,Cayenne S Hybrid,2995.0,,380,242,6.5,85500.0,2,5.0,580.0
PORSCHE,Cayenne Coupe Turbo E-Hybrid,3996.0,,728,295,3.6,182900.0,2,4.0,950.0
PORSCHE,Taycan Base,,79.2,321,230,5.4,86700.0,3,4.0,345.0
CADILLAC,CT4,2000.0,,237,250,6,34395.0,0,5.0,350.0
CADILLAC,CT4-V,2700.0,,325,260,4.9,46595.0,0,5.0,500.0
CADILLAC,CT5,2000.0,,237,240,6.6,38195.0,0,5.0,350.0
CADILLAC,CT5-V,3000.0,,360,250,4.6,50995.0,0,5.0,550.0
PORSCHE,Taycan Cross Turismo 4,,93.4,375,240,5.1,94800.0,3,4.0,500.0
PORSCHE,Taycan Cross Turismo GTS,,93.4,590,250,3.8,139400.0,3,4.0,620.0
PORSCHE,Taycan Sport Turismo Base,,79.2,375,230,5.4,90500.0,3,4.0,500.0
PORSCHE,Taycan Sport Turismo GTS,,93.4,590,250,3.7,136700.0,3,4.0,620.0
PORSCHE,Taycan Turbo S Cross Turismo,,93.4,750,260,2.9,190000.0,3,4.0,1050.0
PORSCHE,911 Carrera Base,2981.0,,379,293,4.2,106100.0,0,4.0,450.0
PORSCHE,911 Carrera S Cabriolet,2981.0,,443,304,3.9,129900.0,0,4.0,530.0
PORSCHE,911 Carrera 4,2981.0,,379,293,4.4,113300.0,0,4.0,450.0
PORSCHE,911 Carrera 4 GTS,2981.0,,473,311,3.3,137000.0,0,4.0,570.0
PORSCHE,911 Targa 4 GTS,2981.0,,473,307,3.5,157300.0,0,4.0,570.0
PORSCHE,911 Turbo Cabriolet,3745.0,,572,320,2.9,184100.0,0,4.0,750.0
PORSCHE,911 Turbo S Coupe,3745.0,,640,330,2.7,207000.0,0,4.0,800.0
PORSCHE,911 GT3 Touring,3996.0,,502,318,3.9,170000.0,0,2.0,470.0
PORSCHE,911 GT3 RS Clubsport,3996.0,,525,296,3.2,223800.0,0,2.0,465.0
PORSCHE,911 Dakar Limited Edition,2981.0,,473,240,3.4,222000.0,0,4.0,570.0
PORSCHE,911 Carrera GTS Lightweight,2981.0,,473,311,3.2,145300.0,0,4.0,570.0
PORSCHE,911 Targa 4 Lightweight,2981.0,,379,289,4.3,135500.0,0,4.0,450.0
PORSCHE,911 Turbo Exclusive Series,3745.0,,607,330,2.9,258000.0,0,4.0,750.0
PORSCHE,911 GT2 RS,3745.0,,700,340,2.8,293200.0,0,2.0,750.0
PORSCHE,911 GT3 Cup,3996.0,,510,290,3.4,245000.0,0,1.0,470.0
PORSCHE,911 GT4 RS,3996.0,,500,315,3.4,222000.0,0,2.0,450.0
PORSCHE,911 RSR (Motorsport Edition),4194.0,,515,296,3.1,750000.0,0,1.0,480.0
PORSCHE,911 Sport Turismo,2981.0,,379,293,4.4,116000.0,0,4.0,450.0
PORSCHE,911 Turbo Cabriolet Lightweight,3745.0,,572,318,3,191300.0,0,4.0,750.0
PORSCHE,911 Dakar Sport,2981.0,,473,240,3.5,233000.0,0,4.0,570.0
TATA MOTORS,Tiago,1199.0,,86,170,13,8200.0,0,5.0,113.0
TATA MOTORS,Tiago EV,,24.0,74,120,5.7,11000.0,3,5.0,114.0
TATA MOTORS,Altroz,1348.0,,88,170,12,10400.0,0,5.0,156.0
TATA MOTORS,Altroz DCA,1199.0,,86,170,12.5,11300.0,0,5.0,113.0
TATA MOTORS,Altroz iTurbo,1199.0,,110,180,10,12000.0,0,5.0,140.0
TATA MOTORS,Altroz CNG,1199.0,,86,165,12,11800.0,0,5.0,113.0
TATA MOTORS,Tiago NRG,1199.0,,86,170,13.5,9200.0,0,5.0,113.0
TATA MOTORS,Nano GenX,624.0,,37,105,29,4000.0,0,4.0,51.0
TATA MOTORS,Indica eV2,1396.0,,70,155,16,6200.0,1,5.0,140.0
TATA MOTORS,Indica V2 Xeta,1193.0,,65,140,16,5000.0,0,5.0,100.0
TATA MOTORS,Tigor,1199.0,,86,170,13,9400.0,0,5.0,113.0
TATA MOTORS,Tigor EV,,26.0,74,120,5.7,14500.0,3,5.0,114.0
TATA MOTORS,Zest,1223.5,,82,165,15,8700.0,0,5.0,165.0
TATA MOTORS,Indigo eCS,1396.0,,70,155,16.5,6500.0,1,5.0,140.0
CADILLAC,Escalade,6200.0,,420,210,6.8,79295.0,0,7.0,624.0
TATA MOTORS,Indigo Marina,1396.0,,78,150,17,8300.0,0,5.0,125.0
TATA MOTORS,Manza,1308.0,,82,160,14,9000.0,0,5.0,158.0
TATA MOTORS,Indigo LX,1396.0,,70,150,17,7000.0,1,5.0,140.0
TATA MOTORS,Indigo GLX,1396.0,,85,160,15,7200.0,0,5.0,115.0
CADILLAC,Escalade ESV,6200.0,,420,205,6.9,82295.0,0,7.0,624.0
TATA MOTORS,Nexon,1348.0,,114,180,10,14000.0,0,5.0,215.0
TATA MOTORS,Nexon EV Max,,40.5,143,140,9,25000.0,3,5.0,250.0
TATA MOTORS,Harrier,1956.0,,168,180,11,23000.0,1,5.0,350.0
TATA MOTORS,Safari,1956.0,,168,180,11,25500.0,1,7.0,350.0
TATA MOTORS,Punch,1199.0,,86,160,16,10500.0,0,5.0,113.0
TATA MOTORS,Hexa,2179.0,,154,180,12,20000.0,1,7.0,400.0
TATA MOTORS,Aria,2179.0,,138,162,13,19000.0,1,7.0,320.0
TATA MOTORS,Sumo Gold,2956.0,,85,125,17.6,15000.0,1,7.0,250.0
TATA MOTORS,Sumo Grande,2179.0,,118,140,15,16500.0,1,7.0,250.0
TATA MOTORS,Nexon EV Prime,,30.2,129,120,9.4,22000.0,3,5.0,245.0
TATA MOTORS,Tiago EV,,24.0,74,120,5.7,11000.0,3,5.0,114.0
TESLA,Model S,,100.0,670,250,3.1,88490.0,3,5.0,967.0
TESLA,Model S Plaid,,100.0,1020,322,2.1,108490.0,3,5.0,1400.0
TESLA,Model 3,,60.0,283,225,5.8,40240.0,3,5.0,420.0
TESLA,Model 3 Performance,,82.0,450,261,3.1,53240.0,3,5.0,660.0
TESLA,Model X,,100.0,670,250,3.8,98490.0,3,7.0,967.0
TESLA,Model X Plaid,,100.0,1020,262,2.6,113490.0,3,6.0,1400.0
TESLA,Model Y,,75.0,346,217,5,47490.0,3,5.0,498.0
TESLA,Model Y Long Range,,82.0,384,217,4.8,50490.0,3,5.0,559.0
TESLA,Cybertruck,,200.0,800,209,2.9,69900.0,3,6.0,1355.0
TESLA,Roadster 2,,200.0,1288,402,1.9,200000.0,3,4.0,10000.0
JEEP,Wrangler,3600.0,,285,180,6.8,35195.0,0,4.0,353.0
JEEP,Wrangler Rubicon,2000.0,,270,180,7.1,42100.0,0,4.0,400.0
JEEP,Grand Cherokee,3600.0,,293,209,7,41530.0,0,5.0,352.0
JEEP,Grand Cherokee L,3600.0,,293,209,7.2,43530.0,0,7.0,352.0
JEEP,Cherokee,2400.0,,180,195,8.5,37695.0,0,5.0,230.0
JEEP,Compass,2000.0,,200,200,7.8,31590.0,0,5.0,320.0
JEEP,Renegade,1300.0,,177,200,8.7,28345.0,0,5.0,285.0
JEEP,Gladiator,3600.0,,285,177,8.1,38775.0,0,5.0,353.0
JEEP,Wagoneer,5700.0,,392,190,7.4,63595.0,0,8.0,548.0
JEEP,Grand Wagoneer,6400.0,,471,190,6,91495.0,0,8.0,617.0
JEEP,Grand Cherokee 4xe,,17.3,375,210,6,59865.0,2,5.0,637.0
JEEP,Wrangler 4xe,,17.3,375,180,6.4,50695.0,2,5.0,637.0
JEEP,Compass 4xe,,11.4,240,200,7.3,46500.0,2,5.0,270.0
JEEP,Renegade 4xe,,11.4,240,200,7.5,44500.0,2,5.0,270.0
MAZDA,Mazda2,1500.0,,108,180,10.2,18500.0,0,5.0,142.0
JEEP,Wagoneer S (Electric),,100.0,600,177,4.5,80000.0,3,5.0,850.0
JEEP,Gladiator Mojave Edition,3600.0,,285,177,8.6,51570.0,0,5.0,353.0
JEEP,Grand Cherokee Summit Reserve,5700.0,,357,190,7.3,66575.0,0,5.0,529.0
JEEP,Jeep Cherokee X Edition,3200.0,,271,195,7.6,41295.0,0,5.0,324.0
JEEP,Wrangler 392,6400.0,,470,160,4.5,82495.0,0,4.0,637.0
CADILLAC,XT4,2000.0,,235,220,7.6,37490.0,0,5.0,350.0
CADILLAC,XT5,3600.0,,310,210,6.5,44195.0,0,5.0,366.0
CADILLAC,XT6,3600.0,,310,210,6.9,48595.0,0,7.0,366.0
CADILLAC,Lyriq EV,,100.0,340,190,5.7,58590.0,3,5.0,440.0
CADILLAC,Escalade V,6200.0,,682,200,4.4,149990.0,0,7.0,885.0
CADILLAC,Escalade Platinum,6200.0,,420,210,6.8,104595.0,0,7.0,624.0
CADILLAC,CT5-V Blackwing,6200.0,,668,320,3.4,92000.0,0,5.0,893.0
CADILLAC,CT4-V Blackwing,3600.0,,472,290,3.9,60495.0,0,5.0,603.0
CADILLAC,XT4 Sport,2000.0,,235,220,7.4,41390.0,0,5.0,350.0
CADILLAC,XT5 Sport,3600.0,,310,210,6.5,51095.0,0,5.0,366.0
CADILLAC,XT6 Sport,3600.0,,310,210,6.9,57095.0,0,7.0,366.0
CADILLAC,Lyriq Launch Edition,,100.0,340,190,5.7,59990.0,3,5.0,440.0
CADILLAC,Lyriq EV Premium,,100.0,500,210,4.5,64990.0,3,5.0,620.0
CADILLAC,CT5 Premium Luxury,2000.0,,237,240,6.8,41290.0,0,5.0,350.0
CHEVROLET,Spark,1400.0,,98,180,10.7,14595.0,0,5.0,127.0
CHEVROLET,Sonic,1400.0,,138,190,8.5,16720.0,0,5.0,200.0
CHEVROLET,Malibu,1500.0,,160,210,8,25000.0,0,5.0,250.0
CHEVROLET,Camaro,2000.0,,275,240,5.4,26400.0,0,4.0,400.0
CHEVROLET,Corvette,6200.0,,495,312,3,65895.0,0,2.0,637.0
CHEVROLET,Traverse,3600.0,,310,210,7,35915.0,0,7.0,360.0
CHEVROLET,Equinox,1500.0,,170,200,8.9,26600.0,0,5.0,275.0
CHEVROLET,Blazer,3600.0,,308,220,6.6,44000.0,0,5.0,366.0
CHEVROLET,Tahoe,5300.0,,355,200,7.5,56995.0,0,7.0,519.0
CHEVROLET,Suburban,5300.0,,355,190,7.6,59900.0,0,8.0,519.0
CHEVROLET,Colorado,2700.0,,310,190,6.8,30695.0,0,5.0,583.0
CHEVROLET,Silverado 1500,5300.0,,355,180,7,42795.0,0,6.0,519.0
CHEVROLET,Silverado 2500HD,6600.0,,401,170,8,41500.0,0,6.0,629.0
CHEVROLET,Silverado 3500HD,6600.0,,445,160,8.5,45500.0,1,6.0,1234.0
CHEVROLET,Bolt EV,,66.0,200,150,6.5,27495.0,3,5.0,360.0
CHEVROLET,Bolt EUV,,66.0,200,150,7,28795.0,3,5.0,360.0
CHEVROLET,Trailblazer,1300.0,,155,200,9.4,23100.0,0,5.0,236.0
CHEVROLET,Malibu Premier,2000.0,,250,240,5.8,33500.0,0,5.0,353.0
CHEVROLET,Camaro ZL1,6200.0,,650,318,3.5,67300.0,0,4.0,881.0
CHEVROLET,Corvette Stingray,6200.0,,495,312,3,65895.0,0,2.0,637.0
CHEVROLET,Silverado 1500 High Country,5300.0,,355,180,7,61595.0,0,6.0,519.0
CHEVROLET,Silverado 1500 Trail Boss,5300.0,,355,180,7,55895.0,0,6.0,519.0
CHEVROLET,Silverado 1500 RST,5300.0,,355,180,7.1,50895.0,0,6.0,519.0
CHEVROLET,Colorado ZR2,2800.0,,181,160,9.1,48295.0,1,5.0,500.0
CHEVROLET,Traverse Premier,3600.0,,310,210,7,46600.0,0,7.0,360.0
CHEVROLET,Equinox Premier,1500.0,,170,200,8.8,33400.0,0,5.0,275.0
CHEVROLET,Blazer RS,3600.0,,308,220,6.6,48900.0,0,5.0,366.0
CHEVROLET,Bolt EV 2LT,,66.0,200,150,6.7,28795.0,3,5.0,360.0
CHEVROLET,Camaro SS,6200.0,,455,290,4.3,43500.0,0,4.0,617.0
CHEVROLET,Corvette Grand Sport,6200.0,,460,290,3.9,65900.0,0,2.0,630.0
CHEVROLET,Traverse RS,3600.0,,310,210,7,43700.0,0,7.0,360.0
CHEVROLET,Blazer Premier,3600.0,,308,220,6.6,45000.0,0,5.0,366.0
CHEVROLET,Malibu LT,1500.0,,160,210,8.5,25800.0,0,5.0,250.0
CHEVROLET,Spark Activ,1400.0,,98,180,11,17595.0,0,5.0,127.0
CHEVROLET,Trax LT,1200.0,,137,200,9.2,24100.0,0,5.0,220.0
CHEVROLET,Equinox LT,1500.0,,170,200,8.9,28400.0,0,5.0,275.0
CHEVROLET,Silverado 3500HD High Country,6600.0,,445,160,8.5,75700.0,1,6.0,1234.0
CHEVROLET,Colorado WT,2700.0,,310,190,6.9,29200.0,0,5.0,583.0
CHEVROLET,Suburban High Country,6200.0,,420,200,7,82400.0,0,8.0,624.0
CHEVROLET,Silverado Custom,4300.0,,285,180,8.5,33900.0,0,6.0,413.0
CHEVROLET,Spark LS,1400.0,,98,180,10.9,14395.0,0,5.0,127.0
CHEVROLET,Traverse LT,3600.0,,310,210,7.1,37200.0,0,7.0,360.0
CHEVROLET,Blazer LT,2500.0,,193,200,9,36100.0,0,5.0,255.0
CHEVROLET,Malibu Premier,2000.0,,250,240,5.8,34500.0,0,5.0,353.0
CHEVROLET,Equinox RS,1500.0,,170,200,8.8,31900.0,0,5.0,275.0
CHEVROLET,Silverado 1500 Custom,4300.0,,285,180,8.6,34900.0,0,6.0,413.0
CHEVROLET,Silverado 2500HD LTZ,6600.0,,445,160,8.4,56400.0,1,6.0,1234.0
CHEVROLET,Tahoe RST,5300.0,,355,180,7.4,64100.0,0,7.0,519.0
CHEVROLET,Suburban LT,5300.0,,355,180,5.1,64400.0,0,8.0,519.0
CHEVROLET,Bolt EV Premier,,66.0,200,150,6.5,31700.0,3,5.0,360.0
CHEVROLET,Tahoe LS,5300.0,,355,180,7.5,56995.0,0,8.0,519.0
CHEVROLET,Tahoe LT,5300.0,,355,180,7.4,62495.0,0,8.0,519.0
CHEVROLET,Tahoe RST,5300.0,,355,180,7.4,64100.0,0,7.0,519.0
CHEVROLET,Tahoe Z71,5300.0,,355,180,7.6,66700.0,0,7.0,519.0
CHEVROLET,Tahoe Premier,6200.0,,420,200,6.8,71600.0,0,7.0,624.0
CHEVROLET,Tahoe High Country,6200.0,,420,200,6.7,76700.0,0,7.0,624.0
CHEVROLET,Tahoe Midnight Edition,5300.0,,355,180,7.5,65500.0,0,8.0,519.0
CHEVROLET,Tahoe Sport Edition,6200.0,,420,200,6.8,70000.0,0,7.0,624.0
GMC,Terrain,1500.0,,175,190,9.5,29900.0,0,5.0,275.0
GMC,Acadia,2000.0,,228,200,7.8,36800.0,0,7.0,350.0
GMC,Yukon,5300.0,,355,180,7.4,57400.0,0,8.0,519.0
GMC,Yukon XL,6200.0,,420,200,6.9,61100.0,0,8.0,624.0
GMC,Canyon,2700.0,,310,190,7.6,36900.0,0,5.0,583.0
GMC,Sierra 1500,5300.0,,355,180,7.3,37100.0,0,6.0,519.0
GMC,Sierra 2500HD,6600.0,,401,175,7.5,43900.0,1,6.0,629.0
GMC,Sierra 3500HD,6600.0,,445,175,7.4,49000.0,1,6.0,1234.0
GMC,Hummer EV Pickup,,212.0,625,170,3,108700.0,3,5.0,1000.0
GMC,Hummer EV SUV,,212.0,625,170,3.5,105600.0,3,5.0,1000.0
GMC,Yukon Denali,6200.0,,420,200,6.8,72800.0,0,8.0,624.0
GMC,Sierra Denali,6200.0,,420,190,6.7,66800.0,0,6.0,624.0
GMC,Terrain AT4,1500.0,,175,190,9.6,36500.0,0,5.0,275.0
GMC,Acadia AT4,3600.0,,310,210,7.6,41400.0,0,6.0,366.0
GMC,Sierra 1500 AT4,5300.0,,355,180,7.4,53800.0,0,6.0,519.0
GMC,Sierra 2500HD Denali,6600.0,,401,175,7.5,72200.0,1,6.0,1234.0
GMC,Sierra Elevation,2700.0,,310,190,7.6,45000.0,0,5.0,583.0
GMC,Canyon AT4,2700.0,,310,190,7.5,43900.0,0,5.0,583.0
GMC,Canyon Denali,2700.0,,310,190,7.5,48000.0,0,5.0,583.0
GMC,Yukon XL Denali Ultimate,6200.0,,420,200,6.7,93800.0,0,8.0,624.0
GMC,Terrain Denali,1500.0,,175,190,9.5,38600.0,0,5.0,275.0
GMC,Acadia Denali,3564.0,,310,210,6.5,54300.0,0,7.0,366.0
GMC,Yukon AT4,5327.0,,355,210,7.1,71505.0,0,8.0,519.0
GMC,Yukon XL AT4,5327.0,,355,210,7.3,73305.0,0,8.0,519.0
GMC,Sierra 1500 Elevation,2713.0,,310,180,7,52000.0,0,5.0,569.0
GMC,Sierra 1500 SLT,5327.0,,355,180,6.8,56000.0,0,5.0,519.0
GMC,Sierra 2500HD AT4,6600.0,,401,170,7.5,70000.0,0,5.0,629.0
GMC,Sierra 3500HD AT4,6600.0,,401,170,7.7,72000.0,0,5.0,629.0
GMC,Canyon Elevation,2488.0,,200,175,8.5,36300.0,0,5.0,259.0
GMC,Canyon Denali Black Edition,3564.0,,308,180,6.9,44000.0,0,5.0,373.0
GMC,Sierra 1500 Denali Ultimate,6162.0,,420,200,5.8,80000.0,0,5.0,624.0
GMC,Yukon XL Denali Reserve,6162.0,,420,210,6,82000.0,0,7.0,624.0
GMC,Terrain Elevation Edition,1490.0,,170,200,9.3,28700.0,0,5.0,275.0
GMC,Acadia Black Edition,3564.0,,310,210,6.5,45000.0,0,7.0,366.0
GMC,Hummer EV SUV Edition 1,,200.0,830,170,3.5,96550.0,3,5.0,15590.0
GMC,Hummer EV Pickup Edition 1,,200.0,1000,170,3,96550.0,3,5.0,15590.0
GMC,Sierra Denali CarbonPro,6162.0,,420,200,5.8,65000.0,0,5.0,624.0
GMC,Yukon Denali Performance,6162.0,,420,210,6,76805.0,0,8.0,624.0
GMC,Sierra 2500HD Denali Black Edition,6600.0,,401,170,7.5,75000.0,0,5.0,629.0
GMC,Canyon AT4X,3564.0,,308,180,6.9,50000.0,0,5.0,373.0
GMC,Yukon XL SLT,5327.0,,355,210,7.3,65000.0,0,8.0,519.0
GMC,Sierra 1500 Pro,4300.0,,285,180,7.5,37700.0,0,3.0,413.0
GMC,Sierra 2500HD Pro,6600.0,,401,170,7.7,60000.0,0,3.0,629.0
GMC,Sierra 3500HD Pro,6600.0,,401,170,7.8,62000.0,0,3.0,629.0
GMC,Terrain SLT,1490.0,,170,200,9.4,31000.0,0,5.0,275.0
GMC,Acadia SLE,3564.0,,310,210,6.6,40000.0,0,7.0,366.0
GMC,Canyon SLT,2488.0,,200,175,8.6,38000.0,0,5.0,259.0
GMC,Yukon XL Elevation,5327.0,,355,210,7.4,75000.0,0,8.0,519.0
GMC,Sierra 1500 AT4X,6162.0,,420,200,5.9,82000.0,0,5.0,624.0
GMC,Hummer EV SUV Extreme Off-Road,,200.0,830,170,3.6,110000.0,3,5.0,15590.0
GMC,Sierra EV Denali,,200.0,754,170,4.5,108700.0,3,5.0,1064.0
GMC,Hummer EV Omega Edition,,200.0,1000,170,3,112700.0,3,5.0,15590.0
GMC,Canyon AT4X Edition 1,3564.0,,308,180,6.8,55000.0,0,5.0,373.0
GMC,Yukon Denali Ultimate Black,6162.0,,420,210,6,90000.0,0,8.0,624.0
GMC,Sierra HD Denali Reserve,6600.0,,401,170,7.5,85000.0,0,5.0,629.0
GMC,Acadia Denali Ultimate,3564.0,,310,210,6.5,60000.0,0,7.0,366.0
GMC,Terrain All-Terrain Edition,1490.0,,170,200,9.3,35000.0,0,5.0,275.0
GMC,Yukon Trailering Edition,5327.0,,355,210,7.5,78000.0,0,8.0,519.0
GMC,Hummer EV Adventure Series,,200.0,830,170,3.6,105000.0,3,5.0,15590.0
KIA,Rio,1591.0,,120,180,10.3,17000.0,0,5.0,151.0
KIA,Rio 5-Door,1591.0,,120,180,10.3,18000.0,0,5.0,151.0
KIA,Seltos Nightfall Edition,1591.0,,175,210,7.5,28000.0,0,5.0,264.0
PEUGEOT,508 PSE (Peugeot Sport Engineered),1599.0,,360,250,5.2,55000.0,2,5.0,520.0
KIA,Sorento X-Line,2500.0,,277,220,7,42000.0,0,7.0,421.0
KIA,Telluride SX,3778.0,,291,240,7,50000.0,0,7.0,355.0
KIA,Forte LXS,1999.0,,147,190,9.2,19000.0,0,5.0,179.0
KIA,K5 EX,1591.0,,180,220,7.8,28500.0,0,5.0,264.0
KIA,Niro Plug-In Hybrid,1591.0,,139,180,10.5,33000.0,2,5.0,265.0
KIA,EV6 Wind,,77.4,225,190,5.2,50000.0,3,5.0,350.0
KIA,Soul Turbo,1591.0,,201,200,6.5,28000.0,0,5.0,264.0
KIA,Seltos SX,1591.0,,175,210,7.5,28500.0,0,5.0,264.0
KIA,Stinger Scorpion Edition,2500.0,,300,270,5,55000.0,0,5.0,422.0
KIA,Sorento Hybrid SX Prestige,1591.0,,227,200,7.9,47000.0,2,7.0,352.0
KIA,Carnival EX,3500.0,,290,220,8,42500.0,0,8.0,355.0
KIA,Telluride Nightfall Edition,3778.0,,291,240,7,51000.0,0,7.0,355.0
PEUGEOT,508 Plug-In Hybrid,1598.0,,225,210,7.5,44000.0,2,5.0,360.0
KIA,EV6 First Edition,,77.4,320,230,5,58000.0,3,5.0,450.0
KIA,Niro Touring,1591.0,,139,180,10.5,33000.0,2,5.0,265.0
KIA,Forte GT-Line,1591.0,,201,200,6.5,25000.0,0,5.0,264.0
KIA,Seltos EX,1999.0,,146,190,9,23500.0,0,5.0,179.0
PEUGEOT,3008 Plug-In Hybrid,1598.0,,225,210,7,42000.0,2,5.0,360.0
KIA,Sorento LX,2500.0,,191,210,8.5,35500.0,0,7.0,246.0
KIA,Telluride EX,3778.0,,291,240,7,44000.0,0,7.0,355.0
KIA,Soul EX,1999.0,,147,190,9.5,22000.0,0,5.0,179.0
KIA,Forte FE,1999.0,,147,190,9.2,18500.0,0,5.0,179.0
KIA,K5 GT-Line,1591.0,,180,220,7.8,29000.0,0,5.0,264.0
KIA,Carnival LXS,3500.0,,290,220,8,39500.0,0,8.0,355.0
KIA,EV6 Light,,77.4,225,190,5.2,46000.0,3,5.0,350.0
KIA,Niro EX,1591.0,,139,180,10.5,30000.0,2,5.0,265.0
KIA,Stinger GT,3300.0,,365,270,4.7,51500.0,0,5.0,510.0
KIA,Sorento SX Prestige,1591.0,,227,200,7.9,48000.0,2,7.0,352.0
KIA,Telluride SX Prestige,3778.0,,291,240,7,52000.0,0,7.0,355.0
PEUGEOT,508 Hybrid4,1598.0,,300,235,6,47000.0,2,5.0,520.0
KIA,EV6 GT Performance,,77.4,577,260,3.5,65000.0,3,5.0,740.0
KIA,Niro SX Touring,1591.0,,139,180,10.5,34500.0,2,5.0,265.0
KIA,Carnival SX Prestige,3500.0,,290,220,8,47000.0,0,8.0,355.0
KIA,Seltos SX Turbo,1591.0,,175,210,7.5,32000.0,0,5.0,264.0
KIA,Forte EX Premium,1999.0,,147,190,9.2,22500.0,0,5.0,179.0
KIA,Soul EX Designer Edition,1999.0,,147,190,9.5,23500.0,0,5.0,179.0
KIA,Rio S,1591.0,,120,180,10.3,17500.0,0,5.0,151.0
KIA,Rio 5-Door S,1591.0,,120,180,10.3,18000.0,0,5.0,151.0
KIA,Soul S,1999.0,,147,190,9.5,20500.0,0,5.0,179.0
KIA,Seltos LX,1999.0,,146,190,9.2,23000.0,0,5.0,179.0
PEUGEOT,3008 Hybrid4,1599.0,,300,235,6,45000.0,2,5.0,520.0
KIA,Sorento Hybrid EX,1591.0,,227,200,7.9,47000.0,2,7.0,352.0
KIA,Telluride LX,3778.0,,291,240,7,41500.0,0,7.0,355.0
KIA,Carnival MPV EX,3500.0,,290,220,8,43500.0,0,8.0,355.0
KIA,EV6 AWD GT-Line,,77.4,320,230,5,60000.0,3,5.0,450.0
KIA,Forte GT Turbo,1591.0,,201,200,6.5,25500.0,0,5.0,264.0
KIA,Soul GT Designer Edition,1999.0,,147,190,9.5,23000.0,0,5.0,179.0
KIA,Seltos X-Line Turbo,1591.0,,175,210,7.5,30000.0,0,5.0,264.0
PEUGEOT,e-2008 GT,,50.0,136,200,8.5,40000.0,3,5.0,260.0
KIA,Telluride Limited Edition,3778.0,,291,240,7,53000.0,0,7.0,355.0
KIA,Stinger GT-Line,2500.0,,300,270,5,50000.0,0,5.0,422.0
KIA,Carnival Special Edition,3500.0,,290,220,8,45500.0,0,8.0,355.0
KIA,Niro SX Hybrid,1591.0,,139,180,10.5,36000.0,2,5.0,265.0
KIA,EV6 First Edition AWD,,77.4,320,230,5,62000.0,3,5.0,450.0
KIA,Sorento X-Pro Hybrid,1591.0,,227,200,7.8,49000.0,2,7.0,352.0
KIA,Forte Limited Edition,1999.0,,147,190,9.2,22500.0,0,5.0,179.0
BUGATTI,Chiron,7993.0,,1500,420,2.5,3000000.0,0,2.0,1600.0
BUGATTI,Chiron Pur Sport,7993.0,,1500,350,2.3,3300000.0,0,2.0,1600.0
BUGATTI,Chiron Super Sport,7993.0,,1600,490,2.4,3500000.0,0,2.0,1600.0
BUGATTI,Chiron Sport,7993.0,,1500,420,2.4,3300000.0,0,2.0,1600.0
BUGATTI,Chiron Noire,7993.0,,1500,420,2.5,3300000.0,0,2.0,1600.0
BUGATTI,Divo,7993.0,,1500,380,2.4,5800000.0,0,2.0,1600.0
BUGATTI,Centodieci,7993.0,,1600,380,2.4,9000000.0,0,2.0,1600.0
BUGATTI,La Voiture Noire,7993.0,,1500,420,2.5,18000000.0,0,2.0,1600.0
BUGATTI,Bolide,7993.0,,1850,500,2.2,4500000.0,0,2.0,1600.0
BUGATTI,Mistral,7993.0,,1600,420,2.4,5000000.0,0,2.0,1600.0
VOLVO,Volvo FH,13000.0,,540,120,15,120000.0,1,2.0,2600.0
VOLVO,Volvo FH16,16100.0,,750,120,14.5,160000.0,1,2.0,3500.0
VOLVO,Volvo FM,12800.0,,460,110,16,100000.0,1,2.0,2200.0
VOLVO,Volvo FMX,13000.0,,500,110,16.5,110000.0,1,2.0,2500.0
VOLVO,Volvo VNL,12800.0,,500,120,15,125000.0,1,2.0,2400.0
VOLVO,Volvo VNR,12800.0,,400,110,17,95000.0,1,2.0,1800.0
VOLVO,Volvo VHD,12800.0,,500,100,18,120000.0,1,2.0,2500.0
VOLVO,Volvo FE,7700.0,,280,90,20,85000.0,1,2.0,1200.0
VOLVO,Volvo FL,5100.0,,180,80,22,75000.0,1,2.0,800.0
JAGUAR LAND ROVER,Jaguar F-Type,2995.0,,335,260,5.1,70000.0,0,2.0,450.0
JAGUAR LAND ROVER,Jaguar XE,1999.0,,250,250,6.5,45000.0,0,5.0,365.0
JAGUAR LAND ROVER,Jaguar XF,1999.0,,250,250,6.5,50000.0,0,5.0,365.0
JAGUAR LAND ROVER,Jaguar XJ,2995.0,,300,250,6,85000.0,0,5.0,400.0
JAGUAR LAND ROVER,Jaguar E-PACE,1999.0,,200,230,7,50000.0,0,5.0,430.0
JAGUAR LAND ROVER,Jaguar I-PACE,,90.0,400,200,4.8,70000.0,3,5.0,696.0
JAGUAR LAND ROVER,Jaguar F-PACE,2497.0,,295,230,6.3,60000.0,0,5.0,422.0
JAGUAR LAND ROVER,Jaguar X-TYPE,1998.0,,160,215,9,40000.0,0,5.0,215.0
JAGUAR LAND ROVER,Jaguar F-PACE R-Dynamic,2497.0,,340,250,5.4,65000.0,0,5.0,480.0
JAGUAR LAND ROVER,Jaguar XE R-Dynamic,1999.0,,340,250,5.4,60000.0,0,5.0,450.0
JAGUAR LAND ROVER,Jaguar F-Type SVR,5000.0,,575,320,3.7,120000.0,0,2.0,700.0
JAGUAR LAND ROVER,Jaguar I-PACE Electric Performance,,90.0,400,200,4.5,85000.0,3,5.0,696.0
JAGUAR LAND ROVER,Jaguar F-PACE SVR,5000.0,,550,283,4,85000.0,0,5.0,700.0
JAGUAR LAND ROVER,Jaguar XE S,1999.0,,340,250,5.3,55000.0,0,5.0,450.0
JAGUAR LAND ROVER,Jaguar XF R-Dynamic,2497.0,,340,250,5.4,65000.0,0,5.0,480.0
JAGUAR LAND ROVER,Jaguar XJ LWB (Long Wheelbase),2995.0,,300,250,6,90000.0,0,5.0,400.0
JAGUAR LAND ROVER,Jaguar F-Type Heritage Edition,5000.0,,550,300,3.9,110000.0,0,2.0,680.0
JAGUAR LAND ROVER,Jaguar E-PACE S,1999.0,,200,230,7,50000.0,0,5.0,430.0
JAGUAR LAND ROVER,Jaguar I-PACE HSE,,90.0,400,200,4.5,90000.0,3,5.0,696.0
JAGUAR LAND ROVER,Jaguar F-Type V8 R,5000.0,,550,300,3.9,100000.0,0,2.0,680.0
JAGUAR LAND ROVER,Jaguar F-Type R-Dynamic,2497.0,,300,250,5.1,70000.0,0,2.0,400.0
JAGUAR LAND ROVER,Jaguar XE P300 R-Dynamic,1999.0,,300,250,5.5,55000.0,0,5.0,400.0
JAGUAR LAND ROVER,Jaguar XF Sportbrake,2497.0,,250,250,6.5,60000.0,0,5.0,400.0
JAGUAR LAND ROVER,Jaguar I-PACE EV400 HSE,,90.0,400,200,4.5,85000.0,3,5.0,696.0
JAGUAR LAND ROVER,Jaguar F-PACE S 30t AWD,1999.0,,247,225,6.4,60000.0,0,5.0,365.0
JAGUAR LAND ROVER,Jaguar E-PACE R-Dynamic,1999.0,,246,230,6.8,55000.0,0,5.0,430.0
JAGUAR LAND ROVER,Jaguar XJ50,2995.0,,300,250,6,80000.0,0,5.0,400.0
JAGUAR LAND ROVER,Jaguar F-Type 75th Anniversary Edition,5000.0,,550,300,3.9,100000.0,0,2.0,680.0
JAGUAR LAND ROVER,Jaguar F-PACE S AWD,2497.0,,340,250,5.4,65000.0,0,5.0,480.0
JAGUAR LAND ROVER,Jaguar XE SE,1999.0,,250,240,6.2,50000.0,0,5.0,365.0
JAGUAR LAND ROVER,Jaguar F-Type V6 S Convertible,2995.0,,380,280,4.8,80000.0,0,2.0,460.0
JAGUAR LAND ROVER,Jaguar XE R-Sport AWD,2497.0,,300,250,5.5,55000.0,0,5.0,400.0
JAGUAR LAND ROVER,Jaguar XF Portfolio AWD,2497.0,,340,250,5.4,60000.0,0,5.0,450.0
JAGUAR LAND ROVER,Jaguar F-Type Coupe R,5000.0,,550,300,3.9,100000.0,0,2.0,680.0
JAGUAR LAND ROVER,Jaguar I-PACE First Edition,,90.0,400,200,4.5,85000.0,3,5.0,696.0
JAGUAR LAND ROVER,Jaguar F-PACE Prestige AWD,2497.0,,340,250,5.4,65000.0,0,5.0,480.0
JAGUAR LAND ROVER,Jaguar XJ Supercharged,5000.0,,510,280,4.2,90000.0,0,5.0,625.0
JAGUAR LAND ROVER,Jaguar F-Type P450 AWD,5000.0,,450,290,4,90000.0,0,2.0,600.0
JAGUAR LAND ROVER,Jaguar F-PACE P400e Plug-in Hybrid,1999.0,,398,220,5.1,75000.0,4,5.0,640.0
JAGUAR LAND ROVER,Jaguar F-Type P300 Coupe,1999.0,,300,250,5.5,60000.0,0,2.0,400.0
ACURA,NSX Type S,3493.0,,600,307,2.9,157000.0,2,2.0,666.0
ACURA,TLX PMC Edition,3500.0,,290,250,5.7,62000.0,0,5.0,362.0
ACURA,MDX Advance,3500.0,,290,190,6,60000.0,0,7.0,362.0
ACURA,RDX Technology,1500.0,,272,210,6.6,45000.0,0,5.0,400.0
ACURA,ILX Premium,2400.0,,201,200,6.6,30000.0,0,5.0,180.0
ACURA,TLX A-Spec,3500.0,,290,250,5.7,50000.0,0,5.0,362.0
ACURA,RDX SH-AWD,1500.0,,272,210,6.6,50000.0,0,5.0,400.0
ACURA,MDX SH-AWD,3500.0,,290,190,6,55000.0,0,7.0,362.0
ACURA,RDX Platinum Elite,1500.0,,272,210,6.6,55000.0,0,5.0,400.0
ACURA,TLX A-Spec Sedan,3500.0,,290,250,5.7,50000.0,0,5.0,362.0
ACURA,TLX 2.4L,2400.0,,206,210,6,35000.0,0,5.0,247.0
ACURA,MDX Hybrid,3500.0,,321,190,6,55000.0,2,7.0,335.0
ACURA,RDX Hybrid,1500.0,,247,210,6.6,50000.0,2,5.0,400.0
ACURA,ILX Technology Package,2400.0,,201,200,6.6,30000.0,0,5.0,180.0
ACURA,NSX GT3 (Track Version),3493.0,,500,300,3,150000.0,2,2.0,600.0
ACURA,RDX Turbo AWD,1500.0,,272,210,6.6,45000.0,0,5.0,400.0
ACURA,TLX 3.5L V6,3500.0,,290,250,5.7,50000.0,0,5.0,362.0
ACURA,ILX Special Edition,2400.0,,201,200,6.6,30000.0,0,5.0,180.0
ACURA,MDX SH-AWD w/Technology Package,3500.0,,290,190,6,55000.0,0,7.0,362.0
ACURA,NSX 3.5L Hybrid Coupe,3493.0,,537,307,2.9,157000.0,2,2.0,666.0
ACURA,MDX Elite,3500.0,,290,190,6,58000.0,0,7.0,362.0
ACURA,TLX V6 Advance,3500.0,,290,250,5.7,46000.0,0,5.0,362.0
ACURA,NSX Carbon Edition,3493.0,,537,307,2.9,157000.0,2,2.0,666.0
ACURA,RDX Turbo SH-AWD,1500.0,,272,210,6.6,42000.0,0,5.0,400.0
ACURA,ILX Technology Plus,2400.0,,201,200,6.6,28000.0,0,5.0,180.0
ACURA,TLX Type S PMC Edition,3000.0,,355,250,5.1,54000.0,0,5.0,480.0
ACURA,MDX Sport Hybrid,3500.0,,321,190,6,52000.0,2,7.0,335.0
PEUGEOT,208,1199.0,,82,180,10.5,22000.0,0,5.0,160.0
PEUGEOT,2008,1199.0,,100,190,9,25000.0,0,5.0,205.0
PEUGEOT,301,1598.0,,115,185,10,23500.0,0,5.0,150.0
PEUGEOT,308,1598.0,,130,200,8,28000.0,0,5.0,230.0
PEUGEOT,3008,1598.0,,180,210,7.5,32000.0,0,5.0,400.0
PEUGEOT,5008,1998.0,,165,200,9.5,35000.0,1,7.0,400.0
PEUGEOT,508,1998.0,,180,235,8,35500.0,0,5.0,300.0
PEUGEOT,Partner,1560.0,,75,160,12,22500.0,1,5.0,200.0
PEUGEOT,Expert,1997.0,,120,180,10,30000.0,1,3.0,300.0
PEUGEOT,Boxer,2200.0,,140,160,11,32000.0,1,3.0,340.0
PEUGEOT,e-208,,50.0,136,150,8.1,35000.0,3,5.0,260.0
PEUGEOT,e-2008,,50.0,136,150,8.5,38000.0,3,5.0,260.0
PEUGEOT,208 GTI,1598.0,,208,230,6.5,28000.0,0,5.0,300.0
PEUGEOT,308 GTI,1598.0,,270,250,6,35000.0,0,5.0,330.0
PEUGEOT,508 PSE (Peugeot Sport Engineered),1598.0,,360,250,5.2,55000.0,2,5.0,520.0
PEUGEOT,308 Allure,1199.0,,130,205,9.3,25000.0,0,5.0,230.0
PEUGEOT,2008 Allure,1199.0,,130,200,9.7,27000.0,0,5.0,230.0
PEUGEOT,3008 Allure,1499.0,,180,210,8,30000.0,0,5.0,250.0
PEUGEOT,5008 Allure,1499.0,,180,200,8.5,33000.0,0,7.0,250.0
PEUGEOT,508 Allure,1499.0,,180,225,8,35000.0,0,5.0,250.0
PEUGEOT,3008 GT,1598.0,,200,220,7.5,35000.0,0,5.0,280.0
PEUGEOT,508 GT,1598.0,,225,235,6.8,40000.0,0,5.0,300.0
PEUGEOT,3008 GT Hybrid,1598.0,,300,235,6,45000.0,2,5.0,400.0
PEUGEOT,5008 GT Hybrid,1598.0,,300,210,6.5,48000.0,2,7.0,400.0
PEUGEOT,208 Allure Premium,1199.0,,130,200,9.5,28000.0,0,5.0,230.0
PEUGEOT,Partner Tepee,1560.0,,100,170,12,25000.0,1,5.0,260.0
PEUGEOT,Expert L2H1,1997.0,,120,160,13,30000.0,1,3.0,320.0
PEUGEOT,Boxer L2H2,2200.0,,130,140,14,35000.0,1,3.0,350.0
PEUGEOT,Partner Electric,,,136,130,9,40000.0,3,5.0,260.0
PEUGEOT,Expert Electric,,,136,130,9.5,45000.0,3,5.0,260.0
PEUGEOT,208 PSE (Peugeot Sport Engineered),1598.0,,225,250,5.5,45000.0,2,5.0,360.0
PEUGEOT,308 PSE,1598.0,,360,250,5,55000.0,2,5.0,520.0
PEUGEOT,508 PSE,1598.0,,360,250,5.2,60000.0,2,5.0,520.0
PEUGEOT,3008 PSE,1598.0,,300,235,6,50000.0,2,5.0,400.0
PEUGEOT,2008 Active,1199.0,,100,190,11.2,22000.0,0,5.0,205.0
PEUGEOT,3008 Active,1499.0,,130,200,10,30000.0,0,5.0,240.0
PEUGEOT,5008 Active,1499.0,,130,190,10.5,33000.0,0,7.0,240.0
PEUGEOT,3008 Allure Premium,1499.0,,130,200,9.8,32000.0,0,5.0,240.0
PEUGEOT,5008 Allure Premium,1499.0,,130,190,10.2,35000.0,0,7.0,240.0
PEUGEOT,3008 GT Line,1598.0,,180,210,8.5,35000.0,0,5.0,250.0
PEUGEOT,5008 GT Line,1598.0,,180,200,9,38000.0,0,7.0,250.0
PEUGEOT,2008 GT,1199.0,,130,200,9.3,25000.0,0,5.0,230.0
PEUGEOT,5008 GT,1598.0,,180,210,8.2,40000.0,0,7.0,250.0
PEUGEOT,508 SW (Station Wagon),1598.0,,180,220,8.4,35000.0,0,5.0,300.0
PEUGEOT,508 Saloon,1598.0,,180,210,8.6,37000.0,0,5.0,300.0
PEUGEOT,308 Saloon,1199.0,,130,200,9,28000.0,0,5.0,230.0
PEUGEOT,301 Sedan,1199.0,,82,180,12,20000.0,0,5.0,115.0
PEUGEOT,208 Sedan,1199.0,,100,190,11.2,22000.0,0,5.0,205.0
FORD,Fusion (Mondeo),2000.0,,205,220,7.5,32500.0,2,5.0,300.0
FORD,Taurus,3500.0,,282,220,6.5,37500.0,0,5.0,400.0
FORD,Fiesta,1500.0,,142,200,7,20000.0,0,5.0,210.0
FORD,Focus,2000.0,,210,220,6.5,25000.0,0,5.0,275.0
FORD,KA+,1200.0,,78,165,10.5,13500.0,0,5.0,120.0
FORD,EcoSport,2000.0,,144,180,9,22500.0,0,5.0,185.0
FORD,Escape (Kuga),2500.0,,190,190,7.5,31500.0,2,5.0,215.0
FORD,Edge,2700.0,,292,200,6.5,40000.0,0,5.0,438.0
FORD,Explorer,3000.0,,350,200,6,45000.0,0,7.0,460.0
FORD,Expedition,5400.0,,388,180,6.5,62500.0,0,8.0,725.0
FORD,Bronco,2700.0,,292,200,7.5,42500.0,0,4.0,500.0
FORD,Bronco Sport,2000.0,,216,185,7,32000.0,0,5.0,312.0
FORD,F-150,5000.0,,370,200,5.75,55000.0,0,5.0,550.0
FORD,F-250 Super Duty,7300.0,,430,180,6.75,55000.0,0,5.0,875.0
FORD,F-350 Super Duty,7300.0,,462,180,7.5,60000.0,1,5.0,1125.0
FORD,Maverick,2000.0,,220,180,7.25,26000.0,2,5.0,315.0
FORD,Ranger,2700.0,,298,180,6.5,35000.0,0,5.0,470.0
FORD,Mustang Mach-E,,83.0,385,180,3.5  (GT Model),52000.0,3,5.0,430.0
FORD,F-150 Lightning,,98.0,452,180,4.5,65000.0,3,5.0,1051.0
FORD,Escape Hybrid,2500.0,,200,180,7.7,33000.0,2,5.0,210.0
FORD,Explorer Hybrid,3300.0,,318,180,7.5,52500.0,2,7.0,500.0
FORD,Mustang,5000.0,,450,250,4.3,55000.0,0,4.0,530.0
FORD,GT,3500.0,,660,348,3,500000.0,0,2.0,746.0
FORD,Focus ST,2300.0,,280,250,5.7,30000.0,0,5.0,420.0
FORD,Fiesta ST,1500.0,,200,230,6.5,23000.0,0,5.0,290.0
FORD,Bronco Raptor,3000.0,,400,220,5.5,70000.0,0,4.0,583.0
FORD,Ranger Raptor,2700.0,,392,200,6,45000.0,0,5.0,583.0
FORD,F-150 Raptor,3500.0,,450,200,5,70000.0,0,5.0,691.0
FORD,Puma,1000.0,,123,191,9.6,28000.0,0,5.0,200.0
FORD,Territory,1500.0,,140,180,11,32000.0,0,5.0,225.0
FORD,Everest,2000.0,,210,190,10.5,52000.0,1,7.0,500.0
FORD,Flex,3500.0,,287,200,7.9,31000.0,0,7.0,345.0
FORD,Transit,2000.0,,170,160,12,43455.0,1,8.5,405.0
FORD,Transit Connect,2000.0,,162,175,10.5,29365.0,0,4.5,200.0
FORD,F-450 Super Duty,6700.0,,475,165,8.5,61625.0,1,4.0,1424.0
FORD,F-550 Super Duty,6700.0,,475,165,8.8,64540.0,1,4.0,1424.0
FORD,Mustang Shelby GT500,5200.0,,760,290,3.5,79420.0,0,2.0,847.0
FORD,Mustang Shelby GT350,5200.0,,526,280,4,59140.0,0,2.0,582.0
FORD,F-150 Platinum,3500.0,,400,180,6.5,64695.0,0,5.0,678.0
FORD,F-150 Limited,3500.0,,450,190,6.1,84910.0,0,5.0,678.0
FORD,Explorer Platinum,3000.0,,400,230,6,56505.0,0,7.0,563.0
FORD,Expedition King Ranch,3500.0,,440,210,6.8,79560.0,0,7.5,691.0
FORD,Transit Custom,2000.0,,130,160,12.5,35000.0,1,5.5,385.0
FORD,E-Series Cutaway,7300.0,,350,140,13,36000.0,0,2.0,569.0
FORD,Transit Chassis Cab,2000.0,,170,160,11.5,37000.0,1,2.0,405.0
FORD,Transit Electric (E-Transit),,89.0,266,140,9,52000.0,3,7.0,430.0
FORD,Explorer Plug-in Hybrid,3000.0,,457,225,6,53000.0,2,7.0,825.0
FORD,Maverick Hybrid,2500.0,,191,180,7.8,25000.0,2,5.0,210.0
FORD,Mustang (2024),5000.0,,450,250,4.5,60000.0,0,4.0,570.0
FORD,Ranger (2024),2000.0,,210,180,8,40000.0,1,5.0,500.0
FORD,Escape Plug-in Hybrid (2024),2500.0,,221,190,7.5,38000.0,2,5.0,210.0
FORD,Bronco (2024),2700.0,,310,200,6.7,45000.0,0,5.0,542.0
FORD,Explorer (2024),3000.0,,400,230,5.9,55000.0,0,7.0,563.0
MITSUBISHI,Mirage,1200.0,,78,170,12,17000.0,0,5.0,100.0
MITSUBISHI,Mirage G4,1200.0,,78,170,12,18000.0,0,5.0,100.0
MITSUBISHI,Outlander,2500.0,,181,190,9.5,31500.0,0,7.0,245.0
MITSUBISHI,Outlander PHEV,2400.0,20.0,248,170,10.5,41000.0,2,5.0,300.0
MITSUBISHI,Eclipse Cross,1500.0,,152,180,9.8,26500.0,0,5.0,250.0
MITSUBISHI,ASX (Outlander Sport),2000.0,,148,190,10,24500.0,0,5.0,197.0
MITSUBISHI,Pajero,3200.0,,189,180,10.5,42500.0,1,7.0,441.0
MITSUBISHI,Pajero Sport,2400.0,,181,180,11,37500.0,1,7.0,430.0
MITSUBISHI,Triton (L200),2400.0,,181,177,10.5,30000.0,1,5.0,430.0
MITSUBISHI,Lancer Evolution X,2000.0,,291,240,5,45000.0,0,5.0,407.0
MITSUBISHI,i-MiEV (Electric),,16.0,66,130,15,24500.0,3,4.0,196.0
MITSUBISHI,Xpander,1500.0,,105,170,13.5,22500.0,0,7.0,141.0
MITSUBISHI,Delica D:5,2200.0,,145,175,11,37500.0,1,7.0,360.0
MITSUBISHI,Colt,1500.0,,112,180,10.5,17500.0,0,5.0,140.0
MITSUBISHI,Grandis,2400.0,,165,190,11,27500.0,0,7.0,217.0
MITSUBISHI,Outlander Black Edition,2500.0,,181,190,9.5,33500.0,0,7.0,245.0
MITSUBISHI,Outlander SEL,2500.0,,181,190,9.5,32500.0,0,7.0,245.0
MITSUBISHI,Outlander SE,2500.0,,181,190,9.5,30500.0,0,7.0,245.0
MITSUBISHI,Eclipse Cross Black Edition,1500.0,,152,180,9.8,29000.0,0,5.0,250.0
MITSUBISHI,ASX Exceed,2000.0,,148,190,10,27000.0,0,5.0,197.0
MITSUBISHI,Triton Athlete,2400.0,,181,177,10.5,31000.0,1,5.0,430.0
MITSUBISHI,Pajero Final Edition,3200.0,,189,180,10.5,47500.0,1,7.0,441.0
MITSUBISHI,L200 Barbarian X,2400.0,,181,177,10.5,32500.0,1,5.0,430.0
MITSUBISHI,Space Star,1200.0,,78,170,12,16000.0,0,5.0,100.0
MITSUBISHI,Lancer EX,2000.0,,132,200,10,22500.0,0,5.0,176.0
MITSUBISHI,Montero Sport,2400.0,,181,180,11,37500.0,1,7.0,430.0
MITSUBISHI,Attrage,1200.0,,78,170,12.5,16000.0,0,5.0,100.0
MITSUBISHI,RVR SE,2000.0,,148,190,10.5,24000.0,0,5.0,197.0
MITSUBISHI,Delica Van,2200.0,,145,175,11.5,32500.0,1,7.0,360.0
MITSUBISHI,Canter (Truck),3000.0,,150,120,6.5,40000.0,1,2.0,370.0
MITSUBISHI,Lancer GLX,1600.0,,115,190,11.5,18500.0,0,5.0,154.0
MITSUBISHI,Pajero GLS,3200.0,,189,180,10.5,47500.0,1,7.0,441.0
MITSUBISHI,Xpander Cross,1500.0,,105,170,12,22500.0,0,7.0,141.0
MITSUBISHI,Eclipse Cross PHEV,2400.0,,188,180,10.5,37500.0,4,5.0,199.0
MITSUBISHI,Outlander ES,2500.0,,181,190,9.5,29000.0,0,7.0,245.0
MITSUBISHI,Montero GLX,2400.0,,181,180,11,37500.0,1,7.0,430.0
MITSUBISHI,Triton GLX-R,2400.0,,181,177,10.5,31000.0,1,5.0,430.0
MITSUBISHI,ASX Dynamic,2000.0,,148,190,10,26500.0,0,5.0,197.0
MITSUBISHI,Mirage ES,1200.0,,78,170,12.5,16000.0,0,5.0,100.0
MITSUBISHI,Outlander LE,2500.0,,181,190,9.5,32500.0,0,7.0,245.0
MITSUBISHI,Fuso Fighter (Truck),7500.0,,240,120,6.5,80000.0,1,2.0,686.0
MITSUBISHI,Fuso Canter Eco Hybrid,3000.0,,150,120,6.5,55000.0,2,2.0,370.0
MITSUBISHI,Space Runner,1800.0,,140,185,10.5,21500.0,0,5.0,170.0
MITSUBISHI,Toppo BJ,660.0,,52,130,15,11000.0,0,4.0,60.0
MITSUBISHI,Chariot,2000.0,,140,185,10.5,21500.0,0,7.0,170.0
MITSUBISHI,Lancer SE Limited,2000.0,,148,200,10,22500.0,0,5.0,197.0
MITSUBISHI,Pajero SWB (Short Wheel Base),3200.0,,189,180,10.5,47500.0,1,5.0,441.0
MITSUBISHI,Delica Space Gear,2400.0,,145,170,13,32500.0,0,7.0,206.0
MITSUBISHI,i (Kei Car),660.0,,64,130,15.5,13500.0,0,4.0,94.0
MITSUBISHI,Dion,2000.0,,135,180,11.5,16500.0,0,7.0,181.0
MITSUBISHI,Airtrek,2400.0,,160,190,11,22500.0,0,5.0,214.0
MITSUBISHI,eK Space,660.0,,52,130,15,11000.0,0,4.0,60.0
MITSUBISHI,eK X,660.0,,64,140,13.5,13500.0,0,4.0,94.0
MITSUBISHI,Colt CZC Convertible,1500.0,,147,200,9.5,27500.0,0,4.0,210.0
MITSUBISHI,Galant Fortis,2000.0,,154,200,10,20000.0,0,5.0,200.0
MITSUBISHI,Endeavor,3800.0,,225,190,9.5,31500.0,0,5.0,343.0
MITSUBISHI,Grand Lancer,1800.0,,138,190,11.5,22500.0,0,5.0,173.0
MITSUBISHI,Sigma,3000.0,,210,220,8.5,37500.0,0,5.0,270.0
MITSUBISHI,Town Box,660.0,,48,120,16,11000.0,0,4.0,60.0
MITSUBISHI,Minicab MiEV,,16.0,64,100,6.5,19000.0,3,2.0,196.0
MAZDA,Mazda3,2000.0,,155,200,8.9,24000.0,0,5.0,213.0
MAZDA,Mazda3 Hatchback,2500.0,,186,210,8.3,26000.0,0,5.0,252.0
MAZDA,Mazda6,2500.0,,250,240,6.4,31000.0,0,5.0,420.0
MAZDA,CX-3,2000.0,,146,180,9.5,23000.0,0,5.0,197.0
MAZDA,CX-30,2500.0,,186,204,8.7,25500.0,0,5.0,252.0
MAZDA,CX-5,2500.0,,187,200,8.8,29000.0,0,5.0,252.0
MAZDA,CX-50,2500.0,,256,220,6.9,32500.0,0,5.0,434.0
MAZDA,CX-8,2200.0,,187,200,9.2,39000.0,1,7.0,450.0
MAZDA,CX-9,2500.0,,250,210,7.2,41500.0,0,7.0,420.0
MAZDA,CX-90,3300.0,,340,240,6.2,55000.0,0,7.0,500.0
MAZDA,MX-5 Miata,2000.0,,181,225,6.5,30000.0,0,2.0,205.0
MAZDA,MX-5 Miata RF,2000.0,,181,225,6.5,36500.0,0,2.0,205.0
MAZDA,MX-30 Electric,,35.5,143,140,9.7,35000.0,3,5.0,271.0
MAZDA,CX-4,2000.0,,158,190,9.6,25000.0,0,5.0,202.0
MAZDA,CX-7,2300.0,,244,210,7.9,30500.0,0,5.0,350.0
MAZDA,Tribute,3000.0,,200,190,9,27000.0,0,5.0,270.0
MAZDA,B-Series Pickup,2500.0,,143,170,11.5,22500.0,1,5.0,330.0
MAZDA,BT-50,3200.0,,200,180,10,31000.0,1,5.0,470.0
MAZDA,RX-7,1300.0,,276,250,5.5,40000.0,0,4.0,314.0
MAZDA,RX-3,1200.0,,110,180,8.9,17500.0,0,4.0,145.0
MAZDA,RX-Vision Concept,,,400,300,6.5,42500.0,2,2.0,
MAZDA,323F,1600.0,,105,180,10.5,16000.0,0,5.0,145.0
MAZDA,Familia Sedan,1500.0,,100,175,11,14000.0,0,5.0,135.0
MAZDA,Premacy,2000.0,,138,190,9.8,21000.0,0,7.0,180.0
MAZDA,Demio,1500.0,,108,180,10.2,15500.0,0,5.0,142.0
MAZDA,Millenia,2300.0,,210,215,8.2,27500.0,0,5.0,280.0
MAZDA,Eunos Cosmo,2000.0,,280,240,6,45000.0,0,4.0,300.0
MAZDA,Atenza,2500.0,,192,210,8.5,25000.0,0,5.0,252.0
MAZDA,Roadpacer AP,1300.0,,130,170,11.5,22500.0,0,5.0,165.0
MAZDA,626,2000.0,,140,190,9.5,20000.0,0,5.0,180.0
MAZDA,929,3000.0,,205,220,8,27500.0,0,5.0,270.0
MAZDA,Luce,1800.0,,135,180,10.5,17500.0,0,5.0,170.0
MAZDA,Capella,1600.0,,110,175,11.2,16000.0,0,5.0,145.0
MAZDA,Carol,660.0,,63,140,15.5,10500.0,0,4.0,90.0
MAZDA,Autozam AZ-1,657.0,,63,140,11,15000.0,0,2.0,85.0
MAZDA,Spiano,660.0,,54,130,16,9000.0,0,4.0,80.0
MAZDA,Verisa,1500.0,,113,170,11,16000.0,0,5.0,140.0
MAZDA,MX-6,2500.0,,164,210,8.8,21000.0,0,4.0,215.0
MAZDA,MPV,3000.0,,200,185,9.5,27500.0,0,7.0,265.0
MAZDA,Proceed Marvie,2600.0,,120,160,12,22500.0,0,5.0,200.0
MAZDA,Sentia,3000.0,,200,200,9,25000.0,0,5.0,265.0
MAZDA,Cronos,2500.0,,160,190,8.5,20000.0,0,5.0,210.0
MAZDA,Scrum,660.0,,63,130,15,10000.0,0,4.0,85.0
MAZDA,Parkway,1800.0,,115,160,12.5,22500.0,0,5.0,155.0
MAZDA,Titan (Truck),3000.0,,130,120,15,27500.0,1,2.0,300.0
MAZDA,CX-60,2500.0,,187,200,8.5,42500.0,0,5.0,250.0
MAZDA,CX-80,3000.0,,250,210,7.5,47500.0,0,7.0,400.0
MAZDA,T1500,1500.0,,75,120,18,16500.0,0,2.0,105.0
MAZDA,Bongo Van,2000.0,,100,160,14,20000.0,0,3.0,140.0
MAZDA,Bongo Friendee,2500.0,,115,160,12.5,22000.0,0,7.0,160.0
MAZDA,Revue,1300.0,,75,130,15.5,11000.0,0,5.0,110.0
MAZDA,Proteg,1800.0,,125,185,9,16500.0,0,5.0,170.0
MAZDA,Xedos 6,2500.0,,170,215,8.5,27500.0,0,5.0,230.0
MAZDA,Xedos 9,3000.0,,200,220,7.5,32500.0,0,5.0,260.0
MAZDA,121,1300.0,,70,155,13,13500.0,0,5.0,110.0
MAZDA,1200,1200.0,,60,130,16,11000.0,0,4.0,90.0
MAZDA,1500,1500.0,,85,145,14,13500.0,0,5.0,120.0
MAZDA,RX-2,1308.0,,130,185,8.5,22500.0,0,4.0,220.0
MAZDA,RX-5,1588.0,,135,190,8,27500.0,0,4.0,210.0
MAZDA,RX-7 Spirit R,1308.0,,280,250,5.5,37500.0,0,2.0,290.0
MAZDA,Cosmo Sport (110S),1000.0,,110,170,10,32500.0,0,2.0,150.0
MAZDA,Eunos 500,1998.0,,135,200,9,26500.0,0,5.0,170.0
MAZDA,Eunos Roadster,1590.0,,116,180,9.5,16500.0,0,2.0,140.0
MAZDA,Familia Astina,1800.0,,135,200,8.5,21000.0,0,5.0,170.0
MAZDA,Savanna RX-7,1308.0,,165,230,7.5,30000.0,0,2.0,230.0
MAZDA,Capella Cargo,2000.0,,115,180,12,20000.0,0,4.0,160.0
MAZDA,818,1600.0,,100,170,12.5,16000.0,0,5.0,130.0
MAZDA,Sentia Hardtop Coupe,2500.0,,160,210,8,32500.0,0,4.0,220.0
MAZDA,Biante,2000.0,,150,185,10,24000.0,0,7.0,200.0
MAZDA,Premacy Hydrogen RE Hybrid,1308.0,,200,180,9.5,42500.0,2,5.0,260.0
MAZDA,Carol P360,360.0,,26,85,35,9000.0,0,4.0,45.0
MAZDA,T2000,2000.0,,110,170,12.5,19000.0,0,2.0,160.0
MAZDA,AZ-Offroad,1298.0,,85,145,12,16500.0,0,5.0,130.0
MAZDA,Scrum Wagon,657.0,,64,120,15.5,11000.0,0,4.0,95.0
MAZDA,Persona,1497.0,,92,160,13.5,14500.0,0,5.0,130.0
MAZDA,Astina,1800.0,,140,190,8.5,22000.0,0,5.0,160.0
MAZDA,Etude,1598.0,,105,170,10,15000.0,0,5.0,135.0
MAZDA,Porter,1497.0,,95,130,14,13500.0,0,2.0,130.0
MAZDA,MX-3,1598.0,,130,190,8.5,20000.0,0,4.0,140.0
MAZDA,MX-5 Superlight Concept,1798.0,,143,200,7.5,32500.0,0,2.0,160.0
MAZDA,Premacy Hydrogen RE,1308.0,,200,180,9.5,42500.0,2,5.0,260.0
MAZDA,Bongo Truck,1998.0,,120,130,15,16500.0,0,2.0,150.0
MAZDA,Rotary Pickup,1308.0,,130,150,14.5,20000.0,0,2.0,160.0
MAZDA,Luce Rotary Coupe,1308.0,,135,175,12,27500.0,0,4.0,180.0
MAZDA,Millenia S,2500.0,,200,220,8,32500.0,0,5.0,250.0
MAZDA,787B (Race Car),2620.0,,700,320,3.5,6000000.0,0,1.0,500.0
TOYOTA,Crown Signia,2487.0,,240,180,7.6,43590.0,2,5.0,239.0
TOYOTA,4Runner (6th Gen),2393.0,,326,180,6.8,50000.0,2,7.0,630.0
TOYOTA,Corolla Cross,1987.0,,182,190,8.6,25210.0,2,5.0,190.0
TOYOTA,C-HR+,1987.0,,169,180,9.2,33000.0,2,5.0,190.0
TOYOTA,RAV4 (6th Gen),2487.0,,260,200,7.05,29000.0,4,5.0,221.0
