Company ,Car Name,Engine,CC,HP (Horsepower),Speed (km/h),Acceleration (time in seconds to reach 100km/h),Price ($),Fuel Type,Seats,Torque (Nm)
FERRARI,SF90 STRADALE,V8,3990.0,963.0,340.0,2.5,1100000.0,plug in hyrbrid,2,800.0
ROLLS ROYCE,PHANTOM,V12,6749.0,563.0,250.0,5.3,460000.0,Petrol,5,900.0
MERCEDES, GT 63 S,V8,3982.0,630.0,250.0,3.2,161000.0,Petrol,4,900.0
AUDI,AUDI R8 Gt,V10,5204.0,602.0,320.0,3.6,253290.0,Petrol,2,560.0
BMW,Mclaren 720s,V8,3994.0,710.0,341.0,2.9,499000.0,Petrol,2,770.0
ASTON MARTIN,VANTAGE F1,V8,3982.0,656.0,314.0,3.6,193440.0,Petrol,2,685.0
BENTLEY,Continental GT Azure,V8,3996.0,550.0,318.0,4,311000.0,Petrol,4,900.0
LAMBORGHINI,VENENO ROADSTER,V12,6498.0,750.0,356.0,2.9,4500000.0,Petrol,2,690.0
FERRARI,F8 TRIBUTO,V8,3900.0,710.0,340.0,2.9,280000.0,Petrol,2,770.0
FERRARI,812 GTS,V12,6496.0,789.0,340.0,2.9,350000.0,Petrol,2,718.0
FERRARI,PORTOFINO,V8,3900.0,592.0,320.0,3.2,210000.0,Petrol,4,760.0
FERRARI,ROMA,V8,3900.0,612.0,320.0,3.4,230000.0,Petrol,4,760.0
FERRARI,MONZA SP2,V12,6496.0,789.0,340.0,2.9,1700000.0,Petrol,2,719.0
FERRARI,F8 SPIDER,V8,3900.0,710.0,340.0,2.9,280000.0,Petrol,2,770.0
FERRARI,PORTOFINO M,V8,3900.0,612.0,320.0,3.2,220000.0,Petrol,4,760.0
FERRARI,ROMA SPIDER,V8,3900.0,612.0,320.0,3.4,240000.0,Petrol,4,760.0
TOYOTA,GR SUPRA,I4,2998.0,382.0,250.0,4.1,53900.0,Petrol,2,500.0
TOYOTA,TOYOTA 86,BOXER-4,1998.0,205.0,226.0,6.4,27000.0,Petrol,4,205.0
TOYOTA,TOYOTA  GR86,BOXER-4,2387.0,228.0,226.0,5.6,30000.0,Petrol,4,250.0
TOYOTA,TOYOTA LAND CRUISER,V8,5663.0,381.0,220.0,6.7,85000.0,Diesel,7,500.0
TOYOTA,TOYOTA SEQUOIA,V8,5663.0,381.0,200.0,6.9,50000.0,Petrol,7,651.0
NISSAN,GT-R,V6,3799.0,600.0,315.0,2.9,113000.0,Petrol,4,637.0
NISSAN,370Z,V6,3696.0,332.0,250.0,4.7,30000.0,Petrol,2,366.0
NISSAN,Z PROTO,V6,2998.0,400.0,290.0,4.1,40000.0,Petrol,2,475.0
NISSAN,ALTIMA,I4,2488.0,188.0,225.0,7.3,25000.0,Petrol,5,380.0
NISSAN,MAXIMA,V6,3498.0,300.0,240.0,5.8,35000.0,Petrol,5,354.0
NISSAN,SENTRA,I4,1998.0,149.0,200.0,8.2,20000.0,Petrol,5,240.0
NISSAN,ROGUE,I4,2488.0,201.0,200.0,7.5,28000.0,Petrol,5,270.0
NISSAN,PATHFINDER,V6,3498.0,284.0,225.0,6.5,35000.0,Petrol,7,351.0
NISSAN,FRONTIER,V6,3799.0,310.0,180.0,6.8,30000.0,Petrol,5,381.0
NISSAN,TITAN,V8,5598.0,400.0,200.0,5.9,40000.0,Petrol,5,560.0
ASTON MARTIN,VALKYRIE,V12,6496.0,1160.0,402.0,2.5,3200000.0,Hybrid,2,900.0
ASTON MARTIN,VALHALLA,V8,3996.0,1000.0,362.0,2.5,1100000.0,Hybrid,2,1000.0
ASTON MARTIN,DBS SUPERLEGGERA,V12,5204.0,715.0,340.0,3.4,316000.0,Petrol,2,900.0
ASTON MARTIN,DB11,V12,5204.0,600.0,322.0,3.9,208000.0,Petrol,4,700.0
ASTON MARTIN,VANTAGE ,V8,3996.0,503.0,313.0,3.6,142000.0,Petrol,2,685.0
ASTON MARTIN,DBX,V8,3996.0,542.0,291.0,4.5,189000.0,Petrol,5,700.0
ASTON MARTIN,RAPIDE AMR,V12,5935.0,580.0,328.0,4.2,240000.0,Petrol,4,630.0
ASTON MARTIN,VANQUISH,V12,5935.0,580.0,324.0,3.6,294000.0,Petrol,2,630.0
ASTON MARTIN,LAGONDA TARAF,V12,5935.0,540.0,314.0,4.2,1100000.0,Petrol,4,630.0
ASTON MARTIN,VICTOR,V12,5204.0,836.0,320.0,2.8,1300000.0,Petrol,2,821.0
LAMBORGHINI,SIAN,V12,6498.0,819.0,350.0,2.8,2800000.0,Hybrid,2,720.0
LAMBORGHINI,AVENTADOR SVJ,V12,6498.0,759.0,350.0,2.8,518000.0,Petrol,2,720.0
LAMBORGHINI,HURACAN PERFORMANTE,V10,5204.0,640.0,325.0,2.9,274000.0,Petrol,2,600.0
LAMBORGHINI,HURACAN EVO,V10,5204.0,640.0,325.0,2.9,261000.0,Petrol,2,600.0
LAMBORGHINI,AVENTADOR SV,V12,6498.0,740.0,350.0,2.8,493000.0,Petrol,2,690.0
LAMBORGHINI,URUS ,V8,3996.0,641.0,305.0,3.6,211000.0,Petrol,5,850.0
LAMBORGHINI,HURACAN SPYDER,V10,5204.0,610.0,325.0,3.4,287000.0,Petrol,2,600.0
LAMBORGHINI,AVENTADOR ROADSTER,V12,6498.0,700.0,350.0,3,445000.0,Petrol,2,690.0
LAMBORGHINI,HURACAN  PERFORMANTE SPYDER,V10,5204.0,640.0,325.0,3.1,308000.0,Petrol,2,600.0
LAMBORGHINI,AVENTADOR S,V12,6498.0,740.0,350.0,2.9,421000.0,Petrol,2,690.0
LAMBORGHINI,HURACAN EVO SPYDER,V10,5204.0,640.0,325.0,3.1,287000.0,Petrol,2,600.0
LAMBORGHINI,URUS PERFORMANTE,V8,3996.0,641.0,305.0,3.3,242000.0,Petrol,5,850.0
LAMBORGHINI,AVENTADOR ULTIMAE,V12,6498.0,769.0,355.0,2.8,545000.0,Petrol,2,720.0
LAMBORGHINI,HURACAN EVO RWD,V10,5204.0,610.0,325.0,3.3,258000.0,Petrol,2,560.0
LAMBORGHINI,AVENTADOR SVJ ROADSTER,V12,6498.0,759.0,350.0,2.9,573000.0,Petrol,2,720.0
LAMBORGHINI,URUS S,V8,3996.0,671.0,305.0,3.3,263000.0,Petrol,5,850.0
LAMBORGHINI,HURACAN STO,V10,5204.0,640.0,325.0,3,327000.0,Petrol,2,565.0
LAMBORGHINI,AVENTADOR LP 780-4 ULTIMATE,V12,6498.0,769.0,355.0,2.8,545000.0,Petrol,2,720.0
LAMBORGHINI,HURACAN EVO RWD SPYDER,V10,5204.0,610.0,325.0,3.3,273000.0,Petrol,2,600.0
LAMBORGHINI,AVENTADOR SVJ XAGO,V12,6498.0,759.0,350.0,2.9,603000.0,Petrol,2,720.0
LAMBORGHINI,URUS GRAPHITE CAPSULE,V8,3998.0,641.0,305.0,3.3,253000.0,Petrol,5,850.0
LAMBORGHINI,HURACAN STO EVO,V10,5204.0,640.0,325.0,3,342000.0,Petrol,2,565.0
LAMBORGHINI,AVENTADOR LP 780-4 ULTIMATE ROADSTER,V12,6498.0,769.0,355.0,2.8,573000.0,Petrol,2,720.0
ROLLS ROYCE ,GHOST,V12,6592.0,591.0,250.0,4.8,332000.0,Petrol,5,850.0
ROLLS ROYCE,WRAITH,V12,6592.0,624.0,250.0,4.4,330000.0,Petrol,4,870.0
ROLLS ROYCE,DAWN,V12,6592.0,624.0,250.0,4.9,360000.0,Petrol,4,870.0
ROLLS ROYCE,CULLINAN,V12,6749.0,563.0,250.0,5.2,325000.0,Petrol,5,850.0
ROLLS ROYCE,PHANTOM EXTENDED,V12,6749.0,563.0,250.0,5.3,500000.0,Petrol,5,900.0
ROLLS ROYCE,GHOST EXTENDED,V12,6592.0,591.0,250.0,4.8,370000.0,Petrol,5,850.0
ROLLS ROYCE,WRAITH BLACK BADGE,V12,6592.0,624.0,250.0,4.3,360000.0,Petrol,4,870.0
ROLLS ROYCE,DAWN BLACK BADGE,V12,6592.0,624.0,250.0,4.8,390000.0,Petrol,4,870.0
ROLLS ROYCE,CULLINAN BLACK BADGE,V12,6749.0,563.0,250.0,5.1,350000.0,Petrol,5,850.0
ROLLS ROYCE,PHANTOM COUPE,V12,6749.0,563.0,250.0,5.3,450000.0,Petrol,4,870.0
ROLLS ROYCE,GHOST COUPE,V12,6592.0,591.0,250.0,4.8,340000.0,Petrol,4,850.0
ROLLS ROYCE,WRAITH COUPE,V12,6592.0,624.0,250.0,4.4,330000.0,Petrol,4,870.0
ROLLS ROYCE,DAWN CONVERTIBLE,V12,6592.0,624.0,250.0,4.9,380000.0,Petrol,4,870.0
ROLLS ROYCE,CULLINAN SUV,V12,6749.0,563.0,250.0,5.2,320000.0,Petrol,5,850.0
MERCEDES,BENZ S-CLASS S 580,V8,3982.0,496.0,250.0,4.4,116000.0,Petrol,5,700.0
MERCEDES,BENZ E-CLASS E 63 S,V8,3982.0,603.0,250.0,3.4,104000.0,Petrol,5,850.0
MERCEDES,BENZ CLA 45 AMG,I4,1991.0,382.0,250.0,4.1,53000.0,Petrol,5,500.0
MERCEDES,BENZ GLE 63 S,V8,3982.0,603.0,250.0,4.2,113000.0,Petrol,5,850.0
MERCEDES,BENZ S-CLASS S 500,V6,2996.0,429.0,250.0,4.9,109000.0,Petrol,5,700.0
MERCEDES,BENZ E-CLASS E 450 ,V6,2996.0,362.0,250.0,5.2,62000.0,Petrol,5,500.0
MERCEDES,BENZ CLS 450,V6,2996.0,362.0,250.0,5.2,70000.0,Petrol,5,500.0
MERCEDES,BENZ GT 53,V6,2996.0,429.0,250.0,4.5,99000.0,Petrol,5,700.0
MERCEDES,BENZ GLE 450,V6,2996.0,362.0,250.0,5.5,63000.0,Petrol,5,500.0
MERCEDES,BENZ A-CLASS A 45 S,I4,1991.0,416.0,250.0,3.9,53000.0,Petrol,5,500.0
MERCEDES,BENZ C-CLASS C 43,V6,2996.0,402.0,250.0,4.7,52000.0,Petrol,5,520.0
MERCEDES,BENZ E-CLASS E 350,I4,1991.0,255.0,250.0,5.7,49000.0,Petrol,5,500.0
MERCEDES,BENZ GLE 350 ,I4,1991.0,255.0,250.0,6.1,53000.0,Petrol,5,500.0
MERCEDES,BENZ GLC 43,V6,2996.0,402.0,250.0,4.7,54000.0,Petrol,5,520.0
MERCEDES,BENZ GLA 45,I4,1991.0,382.0,250.0,4.3,48000.0,Petrol,5,500.0
MERCEDES,BENZ GLC 350 ,I4,1991.0,255.0,250.0,6.1,46000.0,Petrol,5,500.0
MERCEDES,BENZ GLE 53,V6,2996.0,429.0,250.0,5.2,71000.0,Petrol,5,620.0
MERCEDES,BENZ S-CLASS S 350,I4,1991.0,255.0,250.0,6.5,90000.0,Petrol,5,500.0
MERCEDES,BENZ MAYBACH S 680,V12,5980.0,630.0,250.0,4.7,200000.0,Petrol,5,1000.0
BMW,M5 CS,V8,4395.0,627.0,305.0,3,142000.0,Petrol,5,750.0
BMW,M4 GTS,I6,2993.0,493.0,305.0,3.7,133000.0,Petrol,4,600.0
BMW,M3 COMPETITION,I6,2993.0,503.0,285.0,3.5,76000.0,Petrol,5,650.0
BMW,M2 CS,I6,2993.0,444.0,280.0,4,83000.0,Petrol,4,550.0
BMW,X5 M COMPETITION,V8,4935.0,523.0,285.0,4.1,114000.0,Petrol,5,750.0
BMW,X3 M COMPETITION,I6,2993.0,503.0,285.0,4.1,69000.0,Petrol,5,650.0
BMW,M8 GRAN COUPE,V8,4395.0,523.0,305.0,3.3,146000.0,Petrol,5,750.0
BMW,M850i DRIVE COUPE,V8,4935.0,523.0,285.0,3.7,108000.0,Petrol,4,750.0
ROLLS ROYCE,DAWN BLACK BADGE VOLANTE,V12,6592.0,563.0,250.0,4.8,398000.0,Petrol,4,840.0
ROLLS ROYCE,CULLINAN BLACK BADGE SUV,V12,6749.0,563.0,250.0,5.1,381000.0,Petrol,5,850.0
ROLLS ROYCE,PHATOM TRANQUILITY,V12,6749.0,563.0,250.0,5.3,475000.0,Petrol,5,900.0
ROLLS ROYCE,GHOST ZENITH,V12,6749.0,563.0,250.0,4.9,335000.0,Petrol,5,900.0
ROLLS ROYCE,WRAITH EAGLE VIII,V12,6592.0,623.0,250.0,4.5,349000.0,Petrol,4,800.0
ROLLS ROYCE,PHATOM ORCHID,V12,6749.0,563.0,250.0,5.3,495000.0,Petrol,5,900.0
ROLLS ROYCE,GHOST AZURE,V12,6749.0,563.0,250.0,4.9,355000.0,Petrol,5,900.0
ROLLS ROYCE,WRAITH KRYPTOS,V12,6592.0,623.0,250.0,4.5,369000.0,Petrol,4,800.0
ROLLS ROYCE,DAWN SILVER BULLET,V12,6592.0,563.0,250.0,4.8,418000.0,Petrol,4,840.0
ROLLS ROYCE,CULLINAN FUX ORANGE,V12,6749.0,563.0,250.0,5.1,401000.0,Petrol,5,850.0
ROLLS ROYCE,PHANTOM CELESTIAL,V12,6749.0,563.0,250.0,5.3,515000.0,Petrol,5,900.0
ROLLS ROYCE,GHOST MYSORE,V12,6749.0,563.0,250.0,4.9,375000.0,Petrol,5,900.0
ROLLS ROYCE,WRAITH LUMINARY,V12,6592.0,623.0,250.0,4.5,389000.0,Petrol,4,800.0
ROLLS ROYCE,DAWN BLACK BADGE ADAMAS,V12,6592.0,563.0,250.0,4.8,439000.0,Petrol,4,840.0
ROLLS ROYCE,CULLINAN RED DIAMOND,V12,6749.0,563.0,250.0,5.1,421000.0,Petrol,5,850.0
AUDI,R8 V10 PLUS,V10,5204.0,610.0,330.0,3.2,194000.0,Petrol,2,560.0
AUDI,RS7 SPORTBACK,V8,3993.0,591.0,305.0,3.6,114000.0,Petrol,5,800.0
AUDI,S8,V8,3993.0,563.0,305.0,4.3,101000.0,Petrol,5,800.0
AUDI,RS6 AVANT,V8,3993.0,591.0,305.0,3.6,109000.0,Petrol,5,800.0
AUDI,S7 SPORTBACK,V8,3993.0,563.0,305.0,4.3,96000.0,Petrol,5,650.0
AUDI,A8,V6,2995.0,335.0,250.0,5.7,86000.0,Petrol,5,600.0
AUDI,S5 COUPE,V6,2995.0,349.0,250.0,4.8,64000.0,Petrol,4,500.0
AUDI,SQ5,V6,2995.0,349.0,250.0,5.4,62000.0,Petrol,5,500.0
AUDI,S4 SEDAN,V6,2995.0,349.0,250.0,4.7,59000.0,Petrol,5,500.0
AUDI,S3 SEDAN,I4,1984.0,306.0,250.0,4.8,52000.0,Petrol,5,400.0
AUDI,Q7,V6,2995.0,335.0,250.0,6.3,60000.0,Petrol,7,600.0
AUDI,Q5,I4,1984.0,248.0,240.0,6.3,43000.0,Petrol,5,500.0
AUDI,A7,V6,2995.0,335.0,250.0,5.7,68000.0,Petrol,5,600.0
AUDI,A6,V6,2995.0,335.0,250.0,5.7,58000.0,Petrol,5,600.0
AUDI,A5 COUPE,I4,1984.0,248.0,240.0,6.3,45000.0,Petrol,4,500.0
AUDI,A4,I4,1984.0,248.0,240.0,6.5,39000.0,Petrol,5,400.0
AUDI,Q3,I4,1984.0,248.0,230.0,7.3,35000.0,Petrol,5,400.0
AUDI,TT COUPE,I4,1984.0,248.0,250.0,5.3,49000.0,Petrol,2,400.0
BMW,330i,I4,1998.0,255.0,250.0,5.6,45000.0,Petrol,5,400.0
BMW,M340i XDRIVE,I6,2998.0,382.0,250.0,4.1,57000.0,Petrol,5,500.0
BMW,430i COUPE,I4,1998.0,255.0,250.0,5.8,48000.0,Petrol,4,400.0
BMW,M4 COMPETITION,I6,2993.0,503.0,290.0,3.8,81000.0,Petrol,4,650.0
BMW,530i,I4,1998.0,248.0,250.0,5.9,57000.0,Petrol,5,400.0
BMW,M550i XDRIVE,V8,4395.0,523.0,250.0,3.6,78000.0,Petrol,5,650.0
BMW,118i,I3,1499.0,136.0,213.0,8.5,32000.0,Petrol,5,220.0
BMW,128ti,I4,1998.0,261.0,250.0,6.1,42000.0,Petrol,5,400.0
BMW,M135i XDRIVE,I4,1998.0,302.0,250.0,4.8,30000.0,Petrol,5,450.0
BMW,116D,I3,1496.0,116.0,200.0,10.3,30000.0,Diesel,5,280.0
BMW,120D XDRIVE,I4,1995.0,190.0,230.0,6.9,38000.0,Diesel,5,400.0
BMW,116i,I3,1499.0,109.0,200.0,10.9,28000.0,Petrol,5,200.0
BMW,118D,I4,1995.0,150.0,216.0,8.4,34000.0,Diesel,5,380.0
BMW,120i,I4,1998.0,178.0,230.0,7.1,37000.0,Petrol,5,300.0
BMW,125i,I4,1998.0,224.0,240.0,6.1,42000.0,Petrol,5,400.0
BMW,114D,I3,1496.0,95.0,185.0,12.2,27000.0,Diesel,5,270.0
BMW,114i,I4,1598.0,102.0,195.0,11.2,26000.0,Petrol,5,200.0
BMW,125D,I4,1995.0,224.0,240.0,6.3,44000.0,Diesel,5,400.0
BMW,118i XDRIVE,I3,1499.0,136.0,211.0,8.9,34000.0,Petrol,5,250.0
BMW,116D EFFICIENTDYNAMICS,I3,1496.0,116.0,200.0,10.9,30000.0,Diesel,5,270.0
BMW,118i SPORTLINE,I3,1499.0,136.0,213.0,8.5,35000.0,Petrol,5,250.0
BMW,118i M SPORT,I3,1499.0,136.0,213.0,8.5,37000.0,Petrol,5,250.0
BMW,120i M SPORT,I4,1998.0,178.0,230.0,7.1,39000.0,Petrol,5,300.0
BMW,116i EFFICIENTDYNAMICS,I4,1598.0,109.0,195.0,10.9,29000.0,Petrol,5,200.0
BMW,116D ADVANTAGE,I3,1496.0,116.0,200.0,10.5,31000.0,Diesel,5,270.0
BMW,120D EFFICIENTDYNAMICS,I4,1995.0,163.0,225.0,7.7,39000.0,Diesel,5,400.0
BMW,118i SHADOW LINE,I3,1499.0,136.0,213.0,8.5,36000.0,Petrol,5,250.0
BMW,118D SPORT LINE,I4,1995.0,150.0,216.0,8.4,36000.0,Diesel,5,380.0
BMW,120i XDRIVE,I4,1998.0,178.0,230.0,7.2,40000.0,Petrol,5,300.0
BMW,114D SPORT LINE,I3,1496.0,95.0,185.0,12.2,28000.0,Diesel,5,270.0
BMW,118i URBAN LINE,I3,1499.0,136.0,213.0,8.5,35000.0,Petrol,5,250.0
VOLVO,XC90,I6,1969.0,247.0,200.0,6.5,60000.0,Petrol/Diesel,7,400.0
VOLVO,XC60,I6,1969.0,247.0,220.0,6.4,55000.0,Petrol/Diesel,5,400.0
VOLVO,S90,I6,1969.0,295.0,250.0,5.9,60000.0,Petrol/Diesel,5,400.0
KIA,SPORTAGE LX,I4,2480.0,187.0,200.0,8,27000.0,Petrol,5,250.0
KIA,SPORTAGE EX,I4,2480.0,187.0,200.0,8,30000.0,Petrol,5,250.0
KIA,SPORTAGE GT-LINE,I4,2480.0,187.0,200.0,8,32000.0,Petrol,5,350.0
KIA,SPORTAGE SX TURBO,I4,1998.0,240.0,210.0,6.7,36000.0,Petrol,5,400.0
KIA,SPORTAGE NIGHTFALL EDITION,I4,2480.0,187.0,200.0,8,33000.0,Petrol,5,350.0
HONDA,CIVIC TYPE R,I4,1996.0,315.0,272.0,5.7,44000.0,Petrol,5,400.0
KIA,SPORTAGE 2024(BASE MODEL),I4,2480.0,187.0,200.0,8,26000.0,Petrol,5,250.0
KIA,SPORTAGE 2024(TOP TRIM),I4,1998.0,240.0,210.0,6.7,38000.0,Petrol,5,400.0
KIA,SPORTAGE 2024(BASE AWD),I4,2480.0,187.0,200.0,8.3,29000.0,Petrol/AWD,5,250.0
KIA,SPORTAGE X-LINE,I4,2480.0,187.0,200.0,8,32500.0,Petrol,5,350.0
KIA,SPORTAGE 2024(S TRIM),I4,2480.0,187.0,200.0,8.2,28000.0,Petrol,5,250.0
HONDA,ACCORD,I4,1498.0,192.0,201.0,7.1,29400.0,Petrol,5,370.0
KIA,SPORTAGE 2024(X-PRO),I4,2480.0,187.0,200.0,8.1,36000.0,Petrol,5,400.0
KIA,SPORTAGE 2024(X-PRO PRESTIGE),I4,2480.0,187.0,200.0,8.1,38000.0,Petrol,5,400.0
KIA,SPORTAGE 2024(SX TURBO AWD),I4,1998.0,240.0,210.0,6.5,40000.0,Petrol/AWD,5,400.0
KIA  ,SPORTAGE 2024(BASE FWD),I4,2480.0,187.0,200.0,8.5,26500.0,Petrol,5,250.0
HONDA,CR-V,I4,1498.0,190.0,186.0,8.2,30000.0,Petrol/Hybrid,5,400.0
HONDA,PILOT,V6,3471.0,285.0,209.0,6.3,40000.0,Petrol,8,360.0
HONDA,CIVIC HATCHBACK,I4,1498.0,180.0,220.0,6.8,26350.0,Petrol,5,300.0
TOYOTA,CAMRY,V6,3500.0,301.0,220.0,6,27000.0,Petrol/Hybrid,5,250.0
TOYOTA,COROLLA,I4,1798.0,139.0,180.0,9.4,22500.0,Petrol/Hybrid,5,200.0
TOYOTA,PRIUS,I4,1798.0,121.0,180.0,10.5,26700.0,Hybrid,5,142.0
TOYOTA,RAV4,I4,2494.0,203.0,200.0,8.1,27100.0,Petrol/Hybrid,5,400.0
TOYOTA,HIGHLANDER,V6,3456.0,295.0,220.0,7.2,38400.0,Petrol/Hybrid,7,370.0
TOYOTA,4RUNNER ,V6,3956.0,270.0,200.0,7.5,37400.0,Petrol,5,400.0
TOYOTA,TACOMA,I4,2694.0,159.0,180.0,9.5,26400.0,Petrol,5,400.0
TOYOTA,TUNDRA,V8,5663.0,381.0,220.0,6.7,39900.0,Petrol,5,650.0
TOYOTA,AVALON,V6,3456.0,301.0,220.0,6.9,41400.0,Petrol,5,400.0
TOYOTA,MIRAI,I4,1798.0,151.0,180.0,9.2,52400.0,Hydrogen,5,335.0
TOYOTA,SIENNA,V6,2494.0,245.0,190.0,8,44150.0,Petrol/Hybrid,7,360.0
TOYOTA,VENZA,I4,2494.0,219.0,200.0,7.5,33400.0,Hybrid,5,400.0
TOYOTA,HIGHLANDER HYBRID,V6,3456.0,240.0,220.0,8.2,40400.0,Hybrid,7,350.0
TOYOTA,LAND CRUISER PRADO,V6,3956.0,282.0,200.0,7.2,49400.0,Petrol/Diesel,7,450.0
TOYOTA,TUNDRA HYBRID,V6,3456.0,344.0,220.0,6.2,43400.0,Hybrid,5,650.0
TOYOTA,YARIS,I4,1496.0,106.0,180.0,11.2,18400.0,Petrol,5,150.0
TOYOTA,C-HR,I4,1986.0,144.0,200.0,10.2,24400.0,Petrol/Hybrid,5,250.0
TOYOTA,CROWN,HYBRID,2494.0,236.0,200.0,7.6,38400.0,Hybrid,5,400.0
TOYOTA,MR2,I4,1986.0,168.0,200.0,6.9,29000.0,Petrol,2,400.0
TOYOTA,CELICA,I4,1986.0,140.0,200.0,8.5,25000.0,Petrol,5,250.0
HONDA,CITY,I4,1497.0,119.0,180.0,10.2,15400.0,Petrol/Hybrid,5,145.0
HONDA,CIVIC,I4,1996.0,158.0,200.0,8.5,20400.0,Petrol,5,400.0
HYUNDAI,I10,"1.2L,4-CYLINDER,INLINE-4(I4)",1197.0,87.0,160.0,12.2,12400.0,Petrol,5,120.0
HYUNDAI,I20,"1.4L,4-CYLINDER,INLINE-4(I4)",1396.0,99.0,180.0,10.5,15400.0,Petrol/Hybrid,5,250.0
HYUNDAI,ELANTRA,"2.0L,4-CYLINDER,INLINE-4(I4)",1999.0,147.0,200.0,9.5,18400.0,Petrol/Hybrid,5,250.0
MAHINDRA,XUV500,"2.2L,4-CYLINDER,INLINE-4(I4)",2179.0,155.0,180.0,10.5,18400.0,Diesel,7,400.0
MAHINDRA,SCORPIO,"2.2L,4-CYLINDER,INLINE-4(I4)",2179.0,140.0,160.0,11.2,16400.0,Diesel,7,280.0
MAHINDRA,THAR,"2.0L,4-CYLINDER,INLINE-4(I4)",1997.0,150.0,180.0,10.5,20400.0,Petrol/Diesel,4,320.0
MARUTI SUZUKI,SWIFT,"1.2L,4-CYLINDER,INLINE-4(I4)",1197.0,83.0,160.0,12.2,10400.0,Petrol,5,113.0
MARUTI SUZUKI,DZIRE,"1.2L,4-CYLINDER,INLINE-4(I4)",1197.0,83.0,160.0,12.2,11400.0,Petrol/Diesel,5,113.0
MARUTI SUZUKI,BREZZA,"1.5L,4-CYLINDER,INLINE(I4)",1462.0,103.0,180.0,11.5,14400.0,Petrol,5,200.0
TOYOTA,PRIUS PRIME,"2.0L,4-CYLINDER,WITH HYBRID SYSTEM",1998.0,220.0,180.0,6.7,31100.0,Plug-in Hybrid,5,220.0
TOYOTA,GR COROLLA,"1.6L,TURBOCHARGED INLINE-3",1618.0,300.0,230.0,5. 0 ,36995.0,Petrol,5,370.0
TOYOTA,LAND CRUISER 300,"3.3L,V6,TWIN TURBO DIESEL",3346.0,305.0,210.0,6.8,58500.0,Petrol/Diesel,7,650.0
TOYOTA,TUNDRA I-FORCE MAX,"3.5L,V6,HYBRID TWIN-TURBO",3445.0,437.0,180.0,6.2,56000.0,Hybrid,5,750.0
TOYOTA,COROLLA HATCHBACK XSE,"2.0L,INLINE-4",1987.0,169.0,190.0,8.2,25390.0,Petrol,5,250.0
TOYOTA,HILUX GR SPORT,"2.8L,TURBO,DIESEL",2755.0,224.0,170.0,10,50000.0,Petrol/Diesel,5,500.0
TOYOTA,FORTUNER GR SPORT,"2.8L,TURBO,DIESEL",2755.0,204.0,175.0,10.5,55000.0,Diesel/Petrol,7,500.0
TOYOTA,INNOVA HYCROSS,2.0L HYBRID,1987.0,184.0,165.0,9.5,40000.0,Hybrid,7,250.0
TOYOTA,URBAN CRUISER TAISOR,"1.5L,HYBRID",1490.0,114.0,170.0,11,25000.0,Petrol,5,130.0
TOYOTA,AYGO X,"1.0L,INLINE-3",998.0,71.0,160.0,14.8,18000.0,Petrol,4,93.0
TOYOTA,HILUX REVO ROCCO,"2.8L,TURBO,DIESEL",2755.0,204.0,175.0,10,50000.0,Diesel,5,500.0
TOYOTA,CENTURY SUV,"3.5L,V6,PLUG IN HYBRID",3456.0,406.0,200.0,6,170000.0,Petrol,5,500.0
TOYOTA,COROLLA SEDAN HYBRID,"1.8L,HYBRID",1798.0,134.0,180.0,10,24000.0,Hybrid,5,300.0
TOYOTA,GR YARIS,"1.6L,TURBOCHARGED INLINE-3",1618.0,268.0,230.0,5.5,45000.0,Petrol,4,390.0
HYUNDAI,SANTA FE,1.6L PETROL + PLUG IN HYBRID SYSTEM,1600.0,253.0,180.0,9.3,50000.0,Petrol/Hybrid,7,420.0
HYUNDAI,Santa Cruz,2.5L Turbocharged Inline-4,2500.0,281.0,215.0,6.5,40799.0,Petrol,5,400.0
HYUNDAI,Kona,1.6L PETROL ,1591.0,147.0,185.0,10. 5 ,20500.0,Petrol/EV,5,400.0
HYUNDAI,Elantra,2.0L Inline-4,2000.0,147.0,210.0,8.3,19950.0,Petrol/Hybrid,5,250.0
HYUNDAI,Tucson,2.5L Inline-4,2500.0,187.0,180.0,6.1,30500.0,Petrol/Hybrid,5,400.0
HYUNDAI,Palisade,3.8L V6,3800.0,291.0,240.0,6.3,52000.0,Petrol,7,355.0
HYUNDAI,Sonata,2.5L Inline-4,2500.0,191.0,240.0,8,25000.0,Petrol/Hybrid,5,250.0
HYUNDAI,Accent,1.6L Inline-4,1600.0,120.0,180.0,9.8,15000.0,Petrol,5,151.0
HYUNDAI,Venue,1.6L Inline-4,1600.0,121.0,180.0,9.5,18000.0,Petrol,5,240.0
HYUNDAI,Veloster,2.0L Inline-4,2000.0,275.0,220.0,6,25000.0,Petrol,4,264.0
HYUNDAI,Ioniq,1.6L Inline-4,1600.0,139.0,160.0,8.5,18000.0,Hybrid/Electric,5,295.0
HYUNDAI,Genesis,3.8L V6,3800.0,291.0,240.0,6.3,52000.0,Petrol,5,400.0
HYUNDAI,Azera,3.3L V6,3300.0,278.0,240.0,6.5,55000.0,Petrol,5,250.0
HYUNDAI,Equus,3.3L V6,3300.0,278.0,240.0,6.5,55000.0,Petrol,5,400.0
HYUNDAI,Tiburon,2.0L Inline-4,2000.0,160.0,200.0,8.2,19000.0,Petrol,4,320.0
HYUNDAI,Elantra GT,1.6L Turbo GDI 4-cylinder,2000.0,160.0,200.0,8.3,22000.0,Petrol,5,320.0
Nissan,NV1500,4.0L V6,3954.0,261.0,160.0,9.5,33000.0,Petrol,12,385.0
Volkswagen,Golf GTI,2.0L Turbo I4,1984.0,245.0,250.0,5.9,31965.0,Petrol,5,350.0
Volkswagen,Golf R,2.0L Turbo I4,1984.0,315.0,250.0,4.6,44640.0,Petrol,5,420.0
Volkswagen,Polo GTI,2.0L Turbo I4,1984.0,204.0,238.0,6.7,28000.0,Petrol,5,320.0
Volkswagen,Up! GTI,1.0L Turbo I3,999.0,115.0,196.0,8.8,20000.0,Petrol,4,200.0
Volkswagen,Touareg R,Plug-in Hybrid V6,2995.0,462.0,250.0,5.1,70000.0,Hybrid,5,700.0
Volkswagen,Scirocco R,2.0L Turbo I4,1984.0,280.0,250.0,5.5,40000.0,Petrol,4,350.0
Volkswagen,Corrado,2.9L VR6,2861.0,190.0,235.0,6.4,25000.0,Petrol,4,245.0
Volkswagen,Santana,1.5L I4 Gas,1498.0,110.0,190.0,12.9,15000.0,Petrol,5,145.0
Volkswagen,Taos,1.5L I4 Turbo,1498.0,158.0,193.0,8.4,24000.0,Petrol,5,250.0
Volkswagen,Touareg V8,4.0L V8 Turbo Diesel,3956.0,421.0,250.0,4.9,70000.0,Petrol,5,770.0
Volkswagen,Beetle Dune,1.4L I4 Turbo,1395.0,150.0,200.0,7.5,30000.0,Petrol,4,250.0
Volkswagen,Golf Country,1.8L I4 Gas,1781.0,98.0,165.0,12,25000.0,Petrol,5,170.0
Volkswagen,Jetta GLI,2.0L I4 Turbo,1984.0,228.0,250.0,6.5,31000.0,Petrol,5,350.0
Volkswagen,Golf R32,3.2L VR6,3189.0,240.0,250.0,6.2,40000.0,Petrol,5,320.0
Volkswagen,Scirocco 16V,1.8L I4 Gas,1781.0,137.0,220.0,7.1,35000.0,Petrol,4,230.0
Volkswagen,Golf Variant GTD,2.0L Diesel I4,1968.0,184.0,230.0,7.5,38000.0,Diesel,5,380.0
Volkswagen,Polo GTI R5,1.6L Turbocharged Rally Engine,1598.0,272.0,200.0,4.1,45000.0,Petrol,5,400.0
Volkswagen,Jetta Hybrid,1.4L I4 Turbo + Electric Motor,1395.0,170.0,210.0,8.6,28000.0,Hybrid,5,250.0
Volkswagen,Polo GTI Clubsport,2.0L I4 Turbo,1984.0,300.0,240.0,6.7,30000.0,Petrol,5,320.0
Volkswagen,Jetta Hybrid,1.4L I4 Turbo + Electric Motor,1395.0,170.0,210.0,8.6,28000.0,Hybrid,5,250.0
Volkswagen,Golf TGI,1.5L I4 CNG,1498.0,130.0,220.0,8.8,30000.0,Petrol,5,200.0
Volkswagen,Scirocco GTS,2.0L I4 Turbo,1984.0,220.0,246.0,6.5,35000.0,Petrol,4,350.0
Volkswagen,Volkswagen Lupo 3L,1.2L Diesel I3,1199.0,61.0,165.0,14.5,20000.0,Diesel,4,140.0
Volkswagen,Polo Beats,1.0L I3 Turbo,999.0,95.0,187.0,9.5,22000.0,Petrol,5,175.0
Volkswagen,Passat Hybrid,1.4L I4 Turbo + Electric Motor,1395.0,215.0,210.0,7.4,32000.0,Hybrid,5,330.0
Volkswagen,Golf TCR,2.0L I4 Turbo,1984.0,290.0,250.0,5.6,40000.0,Petrol,5,370.0
Volkswagen,Arteon 280 TSI,2.0L I4 Turbo,1984.0,280.0,250.0,5.6,50000.0,Petrol,5,350.0
Volkswagen,Jetta GLI 35th,2.0L I4 Turbo,1984.0,228.0,250.0,6.5,31000.0,Petrol,5,350.0
Volkswagen,Beetle Final Edition,2.0L I4 Turbo,1984.0,174.0,205.0,7,25000.0,Petrol,4,250.0
Volkswagen,Polo GTI Plus,2.0L I4 Turbo,1984.0,207.0,237.0,6.7,30000.0,Petrol,5,320.0
Volkswagen,Golf R Cabriolet,2.0L I4 Turbo,1984.0,265.0,250.0,5.9,45000.0,Petrol,4,380.0
Volkswagen,Passat Alltrack TDI,2.0L Diesel I4,1968.0,190.0,220.0,8,40000.0,Diesel,5,400.0
Porsche,911 Carrera S,3.0L Twin-Turbo Flat-6,2981.0,443.0,308.0,3.5,131300.0,Petrol,4,528.0
Porsche,911 Carrera 4,3.0L Twin-Turbo Flat-6,2981.0,379.0,293.0,4.2,106500.0,Petrol,4,450.0
Porsche,911 Carrera 4S,3.0L Twin-Turbo Flat-6,2981.0,443.0,306.0,3.4,113300.0,Petrol,4,528.0
Porsche,911 Targa 4,3.0L Twin-Turbo Flat-6,2981.0,379.0,289.0,4.4,121300.0,Petrol,4,450.0
Porsche,911 Turbo,3.8L Twin-Turbo Flat-6,3745.0,572.0,320.0,2.7,197200.0,Petrol,4,750.0
Porsche,911 Turbo S,3.8L Twin-Turbo Flat-6,3745.0,640.0,330.0,2.6,230400.0,Petrol,4,800.0
Porsche,911 GT3,4.0L Naturally Aspirated Flat-6,3996.0,502.0,318.0,3.4,161100.0,Petrol,2,469.0
Porsche,911 GT3 RS,4.0L Naturally Aspirated Flat-6,3996.0,518.0,296.0,3.2,241300.0,Petrol,2,465.0
Porsche,911 Dakar,3.0L Twin-Turbo Flat-6,2981.0,473.0,240.0,3.4,222000.0,Petrol,2,570.0
Porsche,718 Cayman,2.0L Turbocharged Flat-4,1988.0,300.0,275.0,4.9,63400.0,Petrol,2,380.0
Porsche,718 Cayman S,2.5L Turbocharged Flat-4,2497.0,350.0,285.0,4.4,75400.0,Petrol,2,420.0
Porsche,718 Cayman GT4,4.0L Naturally Aspirated Flat-6,3995.0,414.0,302.0,4.2,100200.0,Petrol,2,420.0
Porsche,718 Cayman GT4 RS,4.0L Naturally Aspirated Flat-6,3996.0,493.0,315.0,3.2,141700.0,Petrol,2,450.0
Porsche,718 Boxster,2.0L Turbo Flat-4,1988.0,300.0,275.0,4.9,65500.0,Petrol,2,380.0
Porsche,718 Boxster T,2.0L Turbo Flat-4,1988.0,300.0,275.0,4.7,69600.0,Petrol,2,380.0
Porsche,718 Boxster GTS,4.0L Naturally Aspirated Flat-6,3995.0,394.0,293.0,4.3,90300.0,Petrol,2,430.0
Porsche,718 Spyder,4.0L Naturally Aspirated Flat-6,3995.0,414.0,301.0,4.1,98300.0,Petrol,2,420.0
Porsche,Panamera Base,2.9L Twin-Turbo V6,2894.0,325.0,265.0,5.6,92300.0,Petrol,4,450.0
Porsche,Panamera 4 E-Hybrid,2.9L Twin-Turbo V6 + Electric Motor,2894.0,462.0,280.0,4.4,113300.0,Hybrid,4,700.0
Porsche,Panamera 4 Sport Turismo,2.9L Twin-Turbo V6,2894.0,325.0,265.0,5.5,101400.0,Petrol,4,450.0
Porsche,Panamera Turbo S E-Hybrid Sport Turismo,4.0L Twin-Turbo V8 + Electric Motor,3996.0,690.0,315.0,3.2,200200.0,Hybrid,4,870.0
Porsche,Panamera 4S E-Hybrid Executive,2.9L Twin-Turbo V6 + Electric Motor,2894.0,560.0,295.0,3.7,128900.0,Hybrid,4,750.0
Porsche,Panamera Platinum Edition,2.9L Twin-Turbo V6,2894.0,325.0,265.0,5.6,98300.0,Petrol,4,450.0
Porsche,Panamera GTS Sport Turismo,4.0L Twin-Turbo V8,3996.0,473.0,300.0,3.9,136900.0,Petrol,4,620.0
Porsche,Panamera Turbo Executive,4.0L Twin-Turbo V8,3996.0,550.0,306.0,3.8,175200.0,Petrol,4,770.0
Porsche,Panamera Turbo S Exclusive Series,4.0L Twin-Turbo V8,3996.0,570.0,310.0,3.8,290000.0,Petrol,4,800.0
Porsche,Panamera 4S ,2.9L Twin-Turbo V6,2894.0,443.0,289.0,4.1,105000.0,Petrol,4,550.0
Porsche,Macan Base,2.0L Turbo Inline-4,1984.0,265.0,232.0,6.4,58000.0,Petrol,5,400.0
Porsche,Macan T,2.0L Turbo Inline-4,1984.0,265.0,233.0,6.2,63000.0,Petrol,5,400.0
Porsche,Macan S,2.9L Twin-Turbo V6,2894.0,375.0,259.0,4.6,70400.0,Petrol,5,520.0
Porsche,Macan GTS,2.9L Twin-Turbo V6,2894.0,434.0,272.0,4.3,82900.0,Petrol,5,550.0
Porsche,Cayenne Base,3.0L Turbocharged V6,2995.0,335.0,245.0,5.9,72200.0,Petrol,5,450.0
Porsche,Cayenne E-Hybrid,3.0L V6 + Electric Motor,2995.0,455.0,253.0,4.8,91000.0,Hybrid,5,700.0
Porsche,Cayenne S Coupe,2.9L Twin-Turbo V6,2894.0,434.0,263.0,4.7,94300.0,Petrol,4,550.0
Porsche,Cayenne Turbo GT,4.0L Twin-Turbo V8,3996.0,631.0,300.0,3.3,182150.0,Petrol,4,850.0
Porsche,Cayenne Platinum Edition,3.0L Turbocharged V6,2995.0,335.0,245.0,5.8,79000.0,Petrol,5,450.0
Porsche,Cayenne Turbo S E-Hybrid Coupe,4.0L Twin-Turbo V8 + Electric Motor,3996.0,670.0,295.0,3.6,167800.0,Hybrid,4,900.0
Porsche,Cayenne GTS Coupe,4.0L Twin-Turbo V8,3996.0,453.0,270.0,4.5,111200.0,Petrol,4,620.0
Porsche,Cayenne Diesel (Regional Markets),3.0L Turbo Diesel V6,2967.0,262.0,221.0,7.3,69000.0,Diesel,5,580.0
Porsche,Cayenne S Hybrid,3.0L V6 + Electric Motor,2995.0,380.0,242.0,6.5,85500.0,Hybrid,5,580.0
Porsche,Cayenne Coupe Turbo E-Hybrid,4.0L Twin-Turbo V8 + Electric Motor,3996.0,728.0,295.0,3.6,182900.0,Hybrid,4,950.0
Cadillac,CT4,2.0L Turbo Inline-4 Gasoline,2000.0,237.0,250.0,6,34395.0,Petrol,5,350.0
Cadillac,CT4-V,2.7L Turbo Inline-4 Gasoline,2700.0,325.0,260.0,4.9,46595.0,Petrol,5,500.0
Cadillac,CT5,2.0L Turbo Inline-4 Gasoline,2000.0,237.0,240.0,6.6,38195.0,Petrol,5,350.0
Cadillac,CT5-V,3.0L Twin-Turbo V6 Gasoline,3000.0,360.0,250.0,4.6,50995.0,Petrol,5,550.0
Porsche,911 Carrera Base,3.0L Twin-Turbo Flat-6,2981.0,379.0,293.0,4.2,106100.0,Petrol,4,450.0
Porsche,911 Carrera S Cabriolet,3.0L Twin-Turbo Flat-6,2981.0,443.0,304.0,3.9,129900.0,Petrol,4,530.0
Porsche,911 Carrera 4,3.0L Twin-Turbo Flat-6,2981.0,379.0,293.0,4.4,113300.0,Petrol,4,450.0
Porsche,911 Carrera 4 GTS,3.0L Twin-Turbo Flat-6,2981.0,473.0,311.0,3.3,137000.0,Petrol,4,570.0
Porsche,911 Targa 4 GTS,3.0L Twin-Turbo Flat-6,2981.0,473.0,307.0,3.5,157300.0,Petrol,4,570.0
Porsche,911 Turbo Cabriolet,3.8L Twin-Turbo Flat-6,3745.0,572.0,320.0,2.9,184100.0,Petrol,4,750.0
Porsche,911 Turbo S Coupe,3.8L Twin-Turbo Flat-6,3745.0,640.0,330.0,2.7,207000.0,Petrol,4,800.0
Porsche,911 GT3 Touring,4.0L Naturally Aspirated Flat-6,3996.0,502.0,318.0,3.9,170000.0,Petrol,2,470.0
Porsche,911 GT3 RS Clubsport,4.0L Naturally Aspirated Flat-6,3996.0,525.0,296.0,3.2,223800.0,Petrol,2,465.0
Porsche,911 Dakar Limited Edition,3.0L Twin-Turbo Flat-6,2981.0,473.0,240.0,3.4,222000.0,Petrol,4,570.0
Porsche,911 Carrera GTS Lightweight,3.0L Twin-Turbo Flat-6,2981.0,473.0,311.0,3.2,145300.0,Petrol,4,570.0
Porsche,911 Targa 4 Lightweight,3.0L Twin-Turbo Flat-6,2981.0,379.0,289.0,4.3,135500.0,Petrol,4,450.0
Porsche,911 Turbo Exclusive Series,3.8L Twin-Turbo Flat-6,3745.0,607.0,330.0,2.9,258000.0,Petrol,4,750.0
Porsche,911 GT2 RS,3.8L Twin-Turbo Flat-6,3745.0,700.0,340.0,2.8,293200.0,Petrol,2,750.0
Porsche,911 GT3 Cup,4.0L Naturally Aspirated Flat-6,3996.0,510.0,290.0,3.4,245000.0,Petrol,1,470.0
Porsche,911 GT4 RS,4.0L Naturally Aspirated Flat-6,3996.0,500.0,315.0,3.4,222000.0,Petrol,2,450.0
Porsche,911 RSR (Motorsport Edition),4.2L Naturally Aspirated Flat-6,4194.0,515.0,296.0,3.1,750000.0,Petrol,1,480.0
Porsche,911 Sport Turismo,3.0L Twin-Turbo Flat-6,2981.0,379.0,293.0,4.4,116000.0,Petrol,4,450.0
Porsche,911 Turbo Cabriolet Lightweight,3.8L Twin-Turbo Flat-6,3745.0,572.0,318.0,3,191300.0,Petrol,4,750.0
Porsche,911 Dakar Sport,3.0L Twin-Turbo Flat-6,2981.0,473.0,240.0,3.5,233000.0,Petrol,4,570.0
Tata Motors,Tiago,1.2L Revotron 3-cylinder Petrol,1199.0,86.0,170.0,13,8200.0,Petrol,5,113.0
Tata Motors,Altroz DCA,1.2L Revotron 3-cylinder Petrol,1199.0,86.0,170.0,12.5,11300.0,Petrol,5,113.0
Tata Motors,Altroz iTurbo,1.2L Turbocharged Petrol,1199.0,110.0,180.0,10,12000.0,Petrol,5,140.0
Tata Motors,Altroz CNG,1.2L Revotron Bi-Fuel,1199.0,86.0,165.0,12,11800.0,CNG/Petrol,5,113.0
Tata Motors,Tiago NRG,1.2L Revotron 3-cylinder Petrol,1199.0,86.0,170.0,13.5,9200.0,Petrol,5,113.0
Tata Motors,Nano GenX,624cc MPFI,624.0,37.0,105.0,29,4000.0,Petrol,4,51.0
Tata Motors,Indica eV2,1.4L CR4 Diesel,1396.0,70.0,155.0,16,6200.0,Diesel,5,140.0
Tata Motors,Indica V2 Xeta,1.2L MPFI Petrol,1193.0,65.0,140.0,16,5000.0,Petrol,5,100.0
Tata Motors,Tigor,1.2L Revotron 3-cylinder Petrol,1199.0,86.0,170.0,13,9400.0,Petrol,5,113.0
Tata Motors,Indigo eCS,1.4L CR4 Diesel,1396.0,70.0,155.0,16.5,6500.0,Diesel,5,140.0
Cadillac,Escalade,6.2L V8 Gasoline,6200.0,420.0,210.0,6.8,79295.0,Petrol,7,624.0
Tata Motors,Indigo LX,1.4L CR4 Diesel,1396.0,70.0,150.0,17,7000.0,Diesel,5,140.0
Tata Motors,Indigo GLX,1.4L MPFI Petrol,1396.0,85.0,160.0,15,7200.0,Petrol,5,115.0
Cadillac,Escalade ESV,6.2L V8 Gasoline,6200.0,420.0,205.0,6.9,82295.0,Petrol,7,624.0
Tata Motors,Harrier,2.0L Kryotec Turbocharged Diesel,1956.0,168.0,180.0,11,23000.0,Diesel,5,350.0
Tata Motors,Safari,2.0L Kryotec Turbocharged Diesel,1956.0,168.0,180.0,11,25500.0,Diesel,7,350.0
Tata Motors,Punch,1.2L Revotron Petrol,1199.0,86.0,160.0,16,10500.0,Petrol,5,113.0
Tata Motors,Hexa,2.2L Varicor Diesel,2179.0,154.0,180.0,12,20000.0,Diesel,7,400.0
Tata Motors,Aria,2.2L Dicor Diesel,2179.0,138.0,162.0,13,19000.0,Diesel,7,320.0
Tata Motors,Sumo Gold,3.0L CR4 Diesel,2956.0,85.0,125.0,17.6,15000.0,Diesel,7,250.0
Tata Motors,Sumo Grande,2.2L Dicor Diesel,2179.0,118.0,140.0,15,16500.0,Diesel,7,250.0
Jeep,Wrangler,3.6L V6 Pentastar Gasoline,3600.0,285.0,180.0,6.8,35195.0,Petrol,4,353.0
Jeep,Wrangler Rubicon,2.0L Turbo I4 Gasoline,2000.0,270.0,180.0,7.1,42100.0,Petrol,4,400.0
Jeep,Grand Cherokee,3.6L V6 Pentastar Gasoline,3600.0,293.0,209.0,7,41530.0,Petrol,5,352.0
Jeep,Grand Cherokee L,3.6L V6 Pentastar Gasoline,3600.0,293.0,209.0,7.2,43530.0,Petrol,7,352.0
Jeep,Cherokee,2.4L I4 Tigershark Gasoline,2400.0,180.0,195.0,8.5,37695.0,Petrol,5,230.0
Jeep,Compass,2.0L Turbo Gasoline,2000.0,200.0,200.0,7.8,31590.0,Petrol,5,320.0
Jeep,Renegade,1.3L Turbo I4 Gasoline,1300.0,177.0,200.0,8.7,28345.0,Petrol,5,285.0
Jeep,Gladiator,3.6L V6 Pentastar Gasoline,3600.0,285.0,177.0,8.1,38775.0,Petrol,5,353.0
Jeep,Wagoneer,5.7L V8 Gasoline with eTorque,5700.0,392.0,190.0,7.4,63595.0,Petrol,8,548.0
Jeep,Grand Wagoneer,6.4L V8 Gasoline,6400.0,471.0,190.0,6,91495.0,Petrol,8,617.0
Jeep,Gladiator Mojave Edition,3.6L V6 Pentastar Gasoline,3600.0,285.0,177.0,8.6,51570.0,Petrol,5,353.0
Jeep,Grand Cherokee Summit Reserve,5.7L V8 Gasoline,5700.0,357.0,190.0,7.3,66575.0,Petrol,5,529.0
Jeep,Jeep Cherokee X Edition,3.2L V6 Pentastar Gasoline,3200.0,271.0,195.0,7.6,41295.0,Petrol,5,324.0
Jeep,Wrangler 392,6.4L V8 HEMI Gasoline,6400.0,470.0,160.0,4.5,82495.0,Petrol,4,637.0
Cadillac,XT4,2.0L Turbo Inline-4 Gasoline,2000.0,235.0,220.0,7.6,37490.0,Petrol,5,350.0
Cadillac,XT5,3.6L V6 Gasoline,3600.0,310.0,210.0,6.5,44195.0,Petrol,5,366.0
Cadillac,XT6,3.6L V6 Gasoline,3600.0,310.0,210.0,6.9,48595.0,Petrol,7,366.0
Cadillac,Escalade V,6.2L Supercharged V8 Gasoline,6200.0,682.0,200.0,4.4,149990.0,Petrol,7,885.0
Cadillac,Escalade Platinum,6.2L V8 Gasoline,6200.0,420.0,210.0,6.8,104595.0,Petrol,7,624.0
Cadillac,CT5-V Blackwing,6.2L Supercharged V8 Gasoline,6200.0,668.0,320.0,3.4,92000.0,Petrol,5,893.0
Cadillac,CT4-V Blackwing,3.6L Twin-Turbo V6 Gasoline,3600.0,472.0,290.0,3.9,60495.0,Petrol,5,603.0
Cadillac,XT4 Sport,2.0L Turbo Inline-4 Gasoline,2000.0,235.0,220.0,7.4,41390.0,Petrol,5,350.0
Cadillac,XT5 Sport,3.6L V6 Gasoline,3600.0,310.0,210.0,6.5,51095.0,Petrol,5,366.0
Cadillac,XT6 Sport,3.6L V6 Gasoline,3600.0,310.0,210.0,6.9,57095.0,Petrol,7,366.0
Cadillac,CT5 Premium Luxury,2.0L Turbo Inline-4 Gasoline,2000.0,237.0,240.0,6.8,41290.0,Petrol,5,350.0
Chevrolet,Spark,1.4L Inline-4 Gasoline,1400.0,98.0,180.0,10.7,14595.0,Petrol,5,127.0
Chevrolet,Sonic,1.4L Turbo Inline-4 Gasoline,1400.0,138.0,190.0,8.5,16720.0,Petrol,5,200.0
Chevrolet,Malibu,1.5L Turbo Inline-4 Gasoline,1500.0,160.0,210.0,8,25000.0,Petrol,5,250.0
Chevrolet,Camaro,2.0L Turbo Inline-4 Gasoline,2000.0,275.0,240.0,5.4,26400.0,Petrol,4,400.0
Chevrolet,Corvette,6.2L V8 Gasoline,6200.0,495.0,312.0,3,65895.0,Petrol,2,637.0
Chevrolet,Traverse,3.6L V6 Gasoline,3600.0,310.0,210.0,7,35915.0,Petrol,7,360.0
Chevrolet,Equinox,1.5L Turbo Inline-4 Gasoline,1500.0,170.0,200.0,8.9,26600.0,Petrol,5,275.0
Chevrolet,Blazer,3.6L V6 Gasoline,3600.0,308.0,220.0,6.6,44000.0,Petrol,5,366.0
Chevrolet,Tahoe,5.3L V8 Gasoline,5300.0,355.0,200.0,7.5,56995.0,Petrol,7,519.0
Chevrolet,Suburban,5.3L V8 Gasoline,5300.0,355.0,190.0,7.6,59900.0,Petrol,8,519.0
Chevrolet,Colorado,2.7L Turbo Inline-4 Gasoline,2700.0,310.0,190.0,6.8,30695.0,Petrol,5,583.0
Chevrolet,Silverado 1500,5.3L V8 Gasoline,5300.0,355.0,180.0,7,42795.0,Petrol,6,519.0
Chevrolet,Silverado 2500HD,6.6L V8 Gasoline,6600.0,401.0,170.0,8,41500.0,Petrol,6,629.0
Chevrolet,Silverado 3500HD,6.6L V8 Diesel,6600.0,445.0,160.0,8.5,45500.0,Diesel,6,1234.0
Chevrolet,Trailblazer,1.3L Turbo Inline-3 Gasoline,1300.0,155.0,200.0,9.4,23100.0,Petrol,5,236.0
Chevrolet,Malibu Premier,2.0L Turbo Inline-4 Gasoline,2000.0,250.0,240.0,5.8,33500.0,Petrol,5,353.0
Chevrolet,Camaro ZL1,6.2L Supercharged V8 Gasoline,6200.0,650.0,318.0,3.5,67300.0,Petrol,4,881.0
Chevrolet,Corvette Stingray,6.2L V8 Gasoline,6200.0,495.0,312.0,3,65895.0,Petrol,2,637.0
Chevrolet,Silverado 1500 High Country,5.3L V8 Gasoline,5300.0,355.0,180.0,7,61595.0,Petrol,6,519.0
Chevrolet,Silverado 1500 Trail Boss,5.3L V8 Gasoline,5300.0,355.0,180.0,7,55895.0,Petrol,6,519.0
Chevrolet,Silverado 1500 RST,5.3L V8 Gasoline,5300.0,355.0,180.0,7.1,50895.0,Petrol,6,519.0
Chevrolet,Colorado ZR2,2.8L Turbo Diesel I4,2800.0,181.0,160.0,9.1,48295.0,Diesel,5,500.0
Chevrolet,Traverse Premier,3.6L V6 Gasoline,3600.0,310.0,210.0,7,46600.0,Petrol,7,360.0
Chevrolet,Equinox Premier,1.5L Turbo Inline-4 Gasoline,1500.0,170.0,200.0,8.8,33400.0,Petrol,5,275.0
Chevrolet,Blazer RS,3.6L V6 Gasoline,3600.0,308.0,220.0,6.6,48900.0,Petrol,5,366.0
Chevrolet,Camaro SS,6.2L V8 Gasoline,6200.0,455.0,290.0,4.3,43500.0,Petrol,4,617.0
Chevrolet,Corvette Grand Sport,6.2L V8 Gasoline,6200.0,460.0,290.0,3.9,65900.0,Petrol,2,630.0
Chevrolet,Traverse RS,3.6L V6 Gasoline,3600.0,310.0,210.0,7,43700.0,Petrol,7,360.0
Chevrolet,Blazer Premier,3.6L V6 Gasoline,3600.0,308.0,220.0,6.6,45000.0,Petrol,5,366.0
Chevrolet,Malibu LT,1.5L Turbo Inline-4 Gasoline,1500.0,160.0,210.0,8.5,25800.0,Petrol,5,250.0
Chevrolet,Spark Activ,1.4L Inline-4 Gasoline,1400.0,98.0,180.0,11,17595.0,Petrol,5,127.0
Chevrolet,Trax LT,1.2L Turbo Inline-3 Gasoline,1200.0,137.0,200.0,9.2,24100.0,Petrol,5,220.0
Chevrolet,Equinox LT,1.5L Turbo Inline-4 Gasoline,1500.0,170.0,200.0,8.9,28400.0,Petrol,5,275.0
Chevrolet,Silverado 3500HD High Country,6.6L V8 Diesel,6600.0,445.0,160.0,8.5,75700.0,Diesel,6,1234.0
Chevrolet,Colorado WT,2.7L Turbo Inline-4 Gasoline,2700.0,310.0,190.0,6.9,29200.0,Petrol,5,583.0
Chevrolet,Suburban High Country,6.2L V8 Gasoline,6200.0,420.0,200.0,7,82400.0,Petrol,8,624.0
Chevrolet,Silverado Custom,4.3L V6 Gasoline,4300.0,285.0,180.0,8.5,33900.0,Petrol,6,413.0
Chevrolet,Spark LS,1.4L Inline-4 Gasoline,1400.0,98.0,180.0,10.9,14395.0,Petrol,5,127.0
Chevrolet,Traverse LT,3.6L V6 Gasoline,3600.0,310.0,210.0,7.1,37200.0,Petrol,7,360.0
Chevrolet,Blazer LT,2.5L Inline-4 Gasoline,2500.0,193.0,200.0,9,36100.0,Petrol,5,255.0
Chevrolet,Malibu Premier,2.0L Turbo Inline-4 Gasoline,2000.0,250.0,240.0,5.8,34500.0,Petrol,5,353.0
Chevrolet,Equinox RS,1.5L Turbo Inline-4 Gasoline,1500.0,170.0,200.0,8.8,31900.0,Petrol,5,275.0
Chevrolet,Silverado 1500 Custom,4.3L V6 Gasoline,4300.0,285.0,180.0,8.6,34900.0,Petrol,6,413.0
Chevrolet,Silverado 2500HD LTZ,6.6L V8 Diesel,6600.0,445.0,160.0,8.4,56400.0,Diesel,6,1234.0
Chevrolet,Tahoe RST,5.3L V8 Gasoline,5300.0,355.0,180.0,7.4,64100.0,Petrol,7,519.0
Chevrolet,Suburban LT,5.3L V8 Gasoline,5300.0,355.0,180.0,5.1,64400.0,Petrol,8,519.0
Chevrolet,Tahoe LS,5.3L V8 Gasoline,5300.0,355.0,180.0,7.5,56995.0,Petrol,8,519.0
Chevrolet,Tahoe LT,5.3L V8 Gasoline,5300.0,355.0,180.0,7.4,62495.0,Petrol,8,519.0
Chevrolet,Tahoe RST,5.3L V8 Gasoline,5300.0,355.0,180.0,7.4,64100.0,Petrol,7,519.0
Chevrolet,Tahoe Z71,5.3L V8 Gasoline,5300.0,355.0,180.0,7.6,66700.0,Petrol,7,519.0
Chevrolet,Tahoe Premier,6.2L V8 Gasoline,6200.0,420.0,200.0,6.8,71600.0,Petrol,7,624.0
Chevrolet,Tahoe High Country,6.2L V8 Gasoline,6200.0,420.0,200.0,6.7,76700.0,Petrol,7,624.0
Chevrolet,Tahoe Midnight Edition,5.3L V8 Gasoline,5300.0,355.0,180.0,7.5,65500.0,Petrol,8,519.0
Chevrolet,Tahoe Sport Edition,6.2L V8 Gasoline,6200.0,420.0,200.0,6.8,70000.0,Petrol,7,624.0
GMC,Terrain,1.5L Turbo 4-cylinder,1500.0,175.0,190.0,9.5,29900.0,Petrol,5,275.0
GMC,Acadia,2.0L Turbo 4-cylinder,2000.0,228.0,200.0,7.8,36800.0,Petrol,7,350.0
GMC,Yukon,5.3L V8 Gasoline,5300.0,355.0,180.0,7.4,57400.0,Petrol,8,519.0
GMC,Yukon XL,6.2L V8 Gasoline,6200.0,420.0,200.0,6.9,61100.0,Petrol,8,624.0
GMC,Canyon,2.7L Turbo 4-cylinder,2700.0,310.0,190.0,7.6,36900.0,Petrol,5,583.0
GMC,Sierra 1500,5.3L V8 Gasoline,5300.0,355.0,180.0,7.3,37100.0,Petrol,6,519.0
GMC,Sierra 2500HD,6.6L V8 Diesel,6600.0,401.0,175.0,7.5,43900.0,Diesel,6,629.0
GMC,Sierra 3500HD,6.6L V8 Diesel,6600.0,445.0,175.0,7.4,49000.0,Diesel,6,1234.0
GMC,Yukon Denali,6.2L V8 Gasoline,6200.0,420.0,200.0,6.8,72800.0,Petrol,8,624.0
GMC,Sierra Denali,6.2L V8 Gasoline,6200.0,420.0,190.0,6.7,66800.0,Petrol,6,624.0
GMC,Terrain AT4,1.5L Turbo 4-cylinder,1500.0,175.0,190.0,9.6,36500.0,Petrol,5,275.0
GMC,Acadia AT4,3.6L V6 Gasoline,3600.0,310.0,210.0,7.6,41400.0,Petrol,6,366.0
GMC,Sierra 1500 AT4,5.3L V8 Gasoline,5300.0,355.0,180.0,7.4,53800.0,Petrol,6,519.0
GMC,Sierra 2500HD Denali,6.6L V8 Diesel,6600.0,401.0,175.0,7.5,72200.0,Diesel,6,1234.0
GMC,Sierra Elevation,2.7L Turbo 4-cylinder,2700.0,310.0,190.0,7.6,45000.0,Petrol,5,583.0
GMC,Canyon AT4,2.7L Turbo 4-cylinder,2700.0,310.0,190.0,7.5,43900.0,Petrol,5,583.0
GMC,Canyon Denali,2.7L Turbo 4-cylinder,2700.0,310.0,190.0,7.5,48000.0,Petrol,5,583.0
GMC,Yukon XL Denali Ultimate,6.2L V8 Gasoline,6200.0,420.0,200.0,6.7,93800.0,Petrol,8,624.0
GMC,Terrain Denali,1.5L Turbo 4-cylinder,1500.0,175.0,190.0,9.5,38600.0,Petrol,5,275.0
GMC,Acadia Denali,3.6L V6 engine,3564.0,310.0,210.0,6.5,54300.0,Petrol,7,366.0
GMC,Yukon AT4,5.3L V8 engine,5327.0,355.0,210.0,7.1,71505.0,Petrol,8,519.0
GMC,Yukon XL AT4,5.3L V8 engine,5327.0,355.0,210.0,7.3,73305.0,Petrol,8,519.0
GMC,Sierra 1500 Elevation,2.7L Turbo engine,2713.0,310.0,180.0,7,52000.0,Petrol,5,569.0
GMC,Sierra 1500 SLT,5.3L V8 engine,5327.0,355.0,180.0,6.8,56000.0,Petrol,5,519.0
GMC,Sierra 2500HD AT4,6.6L V8 engine,6600.0,401.0,170.0,7.5,70000.0,Petrol,5,629.0
GMC,Sierra 3500HD AT4,6.6L V8 engine,6600.0,401.0,170.0,7.7,72000.0,Petrol,5,629.0
GMC,Canyon Elevation,2.5L I4 engine,2488.0,200.0,175.0,8.5,36300.0,Petrol,5,259.0
GMC,Canyon Denali Black Edition,3.6L V6 engine,3564.0,308.0,180.0,6.9,44000.0,Petrol,5,373.0
GMC,Sierra 1500 Denali Ultimate,6.2L V8 engine,6162.0,420.0,200.0,5.8,80000.0,Petrol,5,624.0
GMC,Yukon XL Denali Reserve,6.2L V8 engine,6162.0,420.0,210.0,6,82000.0,Petrol,7,624.0
GMC,Terrain Elevation Edition,1.5L Turbocharged I4 engine,1490.0,170.0,200.0,9.3,28700.0,Petrol,5,275.0
GMC,Acadia Black Edition,3.6L V6 engine,3564.0,310.0,210.0,6.5,45000.0,Petrol,7,366.0
GMC,Sierra Denali CarbonPro,6.2L V8 engine,6162.0,420.0,200.0,5.8,65000.0,Petrol,5,624.0
GMC,Yukon Denali Performance,6.2L V8 engine,6162.0,420.0,210.0,6,76805.0,Petrol,8,624.0
GMC,Sierra 2500HD Denali Black Edition,6.6L V8 engine,6600.0,401.0,170.0,7.5,75000.0,Petrol,5,629.0
GMC,Canyon AT4X,3.6L V6 engine,3564.0,308.0,180.0,6.9,50000.0,Petrol,5,373.0
GMC,Yukon XL SLT,5.3L V8 engine,5327.0,355.0,210.0,7.3,65000.0,Petrol,8,519.0
GMC,Sierra 1500 Pro,4.3L V6 engine,4300.0,285.0,180.0,7.5,37700.0,Petrol,3,413.0
GMC,Sierra 2500HD Pro,6.6L V8 engine,6600.0,401.0,170.0,7.7,60000.0,Petrol,3,629.0
GMC,Sierra 3500HD Pro,6.6L V8 engine,6600.0,401.0,170.0,7.8,62000.0,Petrol,3,629.0
GMC,Terrain SLT,1.5L Turbocharged I4 engine,1490.0,170.0,200.0,9.4,31000.0,Petrol,5,275.0
GMC,Acadia SLE,3.6L V6 engine,3564.0,310.0,210.0,6.6,40000.0,Petrol,7,366.0
GMC,Canyon SLT,2.5L I4 engine,2488.0,200.0,175.0,8.6,38000.0,Petrol,5,259.0
GMC,Yukon XL Elevation,5.3L V8 engine,5327.0,355.0,210.0,7.4,75000.0,Petrol,8,519.0
GMC,Sierra 1500 AT4X,6.2L V8 engine,6162.0,420.0,200.0,5.9,82000.0,Petrol,5,624.0
GMC,Canyon AT4X Edition 1,3.6L V6 engine,3564.0,308.0,180.0,6.8,55000.0,Petrol,5,373.0
GMC,Yukon Denali Ultimate Black,6.2L V8 engine,6162.0,420.0,210.0,6,90000.0,Petrol,8,624.0
GMC,Sierra HD Denali Reserve,6.6L V8 engine,6600.0,401.0,170.0,7.5,85000.0,Petrol,5,629.0
GMC,Acadia Denali Ultimate,3.6L V6 engine,3564.0,310.0,210.0,6.5,60000.0,Petrol,7,366.0
GMC,Terrain All-Terrain Edition,1.5L Turbocharged I4 engine,1490.0,170.0,200.0,9.3,35000.0,Petrol,5,275.0
GMC,Yukon Trailering Edition,5.3L V8 engine,5327.0,355.0,210.0,7.5,78000.0,Petrol,8,519.0
Kia,Rio,1.6L 4-Cylinder,1591.0,120.0,180.0,10.3,17000.0,Petrol,5,151.0
Kia,Rio 5-Door,1.6L 4-Cylinder,1591.0,120.0,180.0,10.3,18000.0,Petrol,5,151.0
Kia,Seltos Nightfall Edition,1.6L Turbocharged 4-Cylinder,1591.0,175.0,210.0,7.5,28000.0,Petrol,5,264.0
Kia,Sorento X-Line,2.5L Turbocharged 4-Cylinder,2500.0,277.0,220.0,7,42000.0,Petrol,7,421.0
Kia,Telluride SX,3.8L V6,3778.0,291.0,240.0,7,50000.0,Petrol,7,355.0
Kia,Forte LXS,2.0L 4-Cylinder,1999.0,147.0,190.0,9.2,19000.0,Petrol,5,179.0
Kia,K5 EX,1.6L Turbocharged 4-Cylinder,1591.0,180.0,220.0,7.8,28500.0,Petrol,5,264.0
Kia,Niro Plug-In Hybrid,1.6L 4-Cylinder Hybrid,1591.0,139.0,180.0,10.5,33000.0,Hybrid,5,265.0
Kia,Soul Turbo,1.6L Turbocharged 4-Cylinder,1591.0,201.0,200.0,6.5,28000.0,Petrol,5,264.0
Kia,Seltos SX,1.6L Turbocharged 4-Cylinder,1591.0,175.0,210.0,7.5,28500.0,Petrol,5,264.0
Kia,Stinger Scorpion Edition,2.5L Turbocharged 4-Cylinder,2500.0,300.0,270.0,5,55000.0,Petrol,5,422.0
Kia,Sorento Hybrid SX Prestige,1.6L Hybrid Turbocharged 4-Cylinder,1591.0,227.0,200.0,7.9,47000.0,Hybrid,7,352.0
Kia,Carnival EX,3.5L V6,3500.0,290.0,220.0,8,42500.0,Petrol,8,355.0
Kia,Telluride Nightfall Edition,3.8L V6,3778.0,291.0,240.0,7,51000.0,Petrol,7,355.0
Kia,Niro Touring,1.6L 4-Cylinder Hybrid,1591.0,139.0,180.0,10.5,33000.0,Hybrid,5,265.0
Kia,Forte GT-Line,1.6L Turbocharged 4-Cylinder,1591.0,201.0,200.0,6.5,25000.0,Petrol,5,264.0
Kia,Seltos EX,2.0L 4-Cylinder,1999.0,146.0,190.0,9,23500.0,Petrol,5,179.0
Kia,Sorento LX,2.5L 4-Cylinder,2500.0,191.0,210.0,8.5,35500.0,Petrol,7,246.0
Kia,Telluride EX,3.8L V6,3778.0,291.0,240.0,7,44000.0,Petrol,7,355.0
Kia,Soul EX,2.0L 4-Cylinder,1999.0,147.0,190.0,9.5,22000.0,Petrol,5,179.0
Kia,Forte FE,2.0L 4-Cylinder,1999.0,147.0,190.0,9.2,18500.0,Petrol,5,179.0
Kia,K5 GT-Line,1.6L Turbocharged 4-Cylinder,1591.0,180.0,220.0,7.8,29000.0,Petrol,5,264.0
Kia,Carnival LXS,3.5L V6,3500.0,290.0,220.0,8,39500.0,Petrol,8,355.0
Kia,Niro EX,1.6L 4-Cylinder Hybrid,1591.0,139.0,180.0,10.5,30000.0,Hybrid,5,265.0
Kia,Stinger GT,3.3L Turbocharged V6,3300.0,365.0,270.0,4.7,51500.0,Petrol,5,510.0
Kia,Sorento SX Prestige,2.5L Hybrid Turbocharged 4-Cylinder,1591.0,227.0,200.0,7.9,48000.0,Hybrid,7,352.0
Kia,Telluride SX Prestige,3.8L V6,3778.0,291.0,240.0,7,52000.0,Petrol,7,355.0
Kia,Niro SX Touring,1.6L 4-Cylinder Hybrid,1591.0,139.0,180.0,10.5,34500.0,Hybrid,5,265.0
Kia,Carnival SX Prestige,3.5L V6,3500.0,290.0,220.0,8,47000.0,Petrol,8,355.0
Kia,Seltos SX Turbo,1.6L Turbocharged 4-Cylinder,1591.0,175.0,210.0,7.5,32000.0,Petrol,5,264.0
Kia,Forte EX Premium,2.0L 4-Cylinder,1999.0,147.0,190.0,9.2,22500.0,Petrol,5,179.0
Kia,Soul EX Designer Edition,2.0L 4-Cylinder,1999.0,147.0,190.0,9.5,23500.0,Petrol,5,179.0
Kia,Rio S,1.6L 4-Cylinder,1591.0,120.0,180.0,10.3,17500.0,Petrol,5,151.0
Kia,Rio 5-Door S,1.6L 4-Cylinder,1591.0,120.0,180.0,10.3,18000.0,Petrol,5,151.0
Kia,Soul S,2.0L 4-Cylinder,1999.0,147.0,190.0,9.5,20500.0,Petrol,5,179.0
Kia,Seltos LX,2.0L 4-Cylinder,1999.0,146.0,190.0,9.2,23000.0,Petrol,5,179.0
Kia,Sorento Hybrid EX,1.6L Hybrid Turbocharged 4-Cylinder,1591.0,227.0,200.0,7.9,47000.0,Hybrid,7,352.0
Kia,Telluride LX,3.8L V6,3778.0,291.0,240.0,7,41500.0,Petrol,7,355.0
Kia,Carnival MPV EX,3.5L V6,3500.0,290.0,220.0,8,43500.0,Petrol,8,355.0
Kia,Forte GT Turbo,1.6L Turbocharged 4-Cylinder,1591.0,201.0,200.0,6.5,25500.0,Petrol,5,264.0
Kia,Soul GT Designer Edition,2.0L 4-Cylinder,1999.0,147.0,190.0,9.5,23000.0,Petrol,5,179.0
Kia,Seltos X-Line Turbo,1.6L Turbocharged 4-Cylinder,1591.0,175.0,210.0,7.5,30000.0,Petrol,5,264.0
Kia,Telluride Limited Edition,3.8L V6,3778.0,291.0,240.0,7,53000.0,Petrol,7,355.0
Kia,Stinger GT-Line,2.5L Turbocharged 4-Cylinder,2500.0,300.0,270.0,5,50000.0,Petrol,5,422.0
Kia,Carnival Special Edition,3.5L V6,3500.0,290.0,220.0,8,45500.0,Petrol,8,355.0
Kia,Niro SX Hybrid,1.6L Hybrid Turbocharged 4-Cylinder,1591.0,139.0,180.0,10.5,36000.0,Hybrid,5,265.0
Kia,Sorento X-Pro Hybrid,1.6L Hybrid Turbocharged 4-Cylinder,1591.0,227.0,200.0,7.8,49000.0,Hybrid,7,352.0
Kia,Forte Limited Edition,2.0L 4-Cylinder,1999.0,147.0,190.0,9.2,22500.0,Petrol,5,179.0
Bugatti,Chiron,8.0L Quad-Turbo W16,7993.0,1500.0,420.0,2.5,3000000.0,Petrol,2,1600.0
Bugatti,Chiron Pur Sport,8.0L Quad-Turbo W16,7993.0,1500.0,350.0,2.3,3300000.0,Petrol,2,1600.0
Bugatti,Chiron Super Sport,8.0L Quad-Turbo W16,7993.0,1600.0,490.0,2.4,3500000.0,Petrol,2,1600.0
Bugatti,Chiron Sport,8.0L Quad-Turbo W16,7993.0,1500.0,420.0,2.4,3300000.0,Petrol,2,1600.0
Bugatti,Chiron Noire,8.0L Quad-Turbo W16,7993.0,1500.0,420.0,2.5,3300000.0,Petrol,2,1600.0
Bugatti,Divo,8.0L Quad-Turbo W16,7993.0,1500.0,380.0,2.4,5800000.0,Petrol,2,1600.0
Bugatti,Centodieci,8.0L Quad-Turbo W16,7993.0,1600.0,380.0,2.4,9000000.0,Petrol,2,1600.0
Bugatti,La Voiture Noire,8.0L Quad-Turbo W16,7993.0,1500.0,420.0,2.5,18000000.0,Petrol,2,1600.0
Bugatti,Bolide,8.0L Quad-Turbo W16,7993.0,1850.0,500.0,2.2,4500000.0,Petrol,2,1600.0
Bugatti,Mistral,8.0L Quad-Turbo W16,7993.0,1600.0,420.0,2.4,5000000.0,Petrol,2,1600.0
Volvo,Volvo FH,13.0L I6 Turbo Diesel,13000.0,540.0,120.0,15,120000.0,Diesel,2,2600.0
Volvo,Volvo FH16,16.1L I6 Turbo Diesel,16100.0,750.0,120.0,14.5,160000.0,Diesel,2,3500.0
Volvo,Volvo FM,12.8L I6 Turbo Diesel,12800.0,460.0,110.0,16,100000.0,Diesel,2,2200.0
Volvo,Volvo FMX,13.0L I6 Turbo Diesel,13000.0,500.0,110.0,16.5,110000.0,Diesel,2,2500.0
Volvo,Volvo VNL,12.8L I6 Turbo Diesel,12800.0,500.0,120.0,15,125000.0,Diesel,2,2400.0
Volvo,Volvo VNR,12.8L I6 Turbo Diesel,12800.0,400.0,110.0,17,95000.0,Diesel,2,1800.0
Volvo,Volvo VHD,12.8L I6 Turbo Diesel,12800.0,500.0,100.0,18,120000.0,Diesel,2,2500.0
Volvo,Volvo FE,7.7L I6 Turbo Diesel,7700.0,280.0,90.0,20,85000.0,Diesel,2,1200.0
Volvo,Volvo FL,5.1L I4 Turbo Diesel,5100.0,180.0,80.0,22,75000.0,Diesel,2,800.0
Acura,TLX 2.4L,Inline-4,2400.0,206.0,210.0,6,35000.0,Petrol,5,247.0
Acura,MDX Hybrid,V6 Hybrid,3500.0,321.0,190.0,6,55000.0,Hybrid,7,335.0
Acura,RDX Hybrid,Inline-4 Hybrid,1500.0,247.0,210.0,6.6,50000.0,Hybrid,5,400.0
Acura,ILX Technology Package,Inline-4,2400.0,201.0,200.0,6.6,30000.0,Petrol,5,180.0
Acura,NSX GT3 (Track Version),Twin-Turbo V6 Hybrid,3493.0,500.0,300.0,3,150000.0,Hybrid,2,600.0
Acura,RDX Turbo AWD,Inline-4 Turbocharged,1500.0,272.0,210.0,6.6,45000.0,Petrol,5,400.0
Acura,TLX 3.5L V6,V6,3500.0,290.0,250.0,5.7,50000.0,Petrol,5,362.0
Acura,ILX Special Edition,Inline-4,2400.0,201.0,200.0,6.6,30000.0,Petrol,5,180.0
Acura,MDX SH-AWD w/Technology Package,V6,3500.0,290.0,190.0,6,55000.0,Petrol,7,362.0
Acura,NSX 3.5L Hybrid Coupe,Twin-Turbo V6 Hybrid,3493.0,537.0,307.0,2.9,157000.0,Hybrid,2,666.0
Acura,MDX Elite,V6,3500.0,290.0,190.0,6,58000.0,Petrol,7,362.0
Acura,TLX V6 Advance,V6,3500.0,290.0,250.0,5.7,46000.0,Petrol,5,362.0
Acura,NSX Carbon Edition,Twin-Turbo V6 Hybrid,3493.0,537.0,307.0,2.9,157000.0,Hybrid,2,666.0
Acura,RDX Turbo SH-AWD,Turbocharged I4,1500.0,272.0,210.0,6.6,42000.0,Petrol,5,400.0
Acura,ILX Technology Plus,Inline-4,2400.0,201.0,200.0,6.6,28000.0,Petrol,5,180.0
Acura,TLX Type S PMC Edition,Turbocharged V6,3000.0,355.0,250.0,5.1,54000.0,Petrol,5,480.0
Acura,MDX Sport Hybrid,V6 Hybrid,3500.0,321.0,190.0,6,52000.0,Hybrid,7,335.0
Peugeot,208,Inline-4,1199.0,82.0,180.0,10.5,22000.0,Petrol,5,160.0
Peugeot,2008,Inline-4,1199.0,100.0,190.0,9,25000.0,Petrol,5,205.0
Peugeot,301,Inline-4,1598.0,115.0,185.0,10,23500.0,Petrol,5,150.0
Peugeot,308,Inline-4,1598.0,130.0,200.0,8,28000.0,Petrol,5,230.0
Peugeot,3008,Inline-4,1598.0,180.0,210.0,7.5,32000.0,Petrol,5,400.0
Peugeot,5008,Inline-4,1998.0,165.0,200.0,9.5,35000.0,Diesel,7,400.0
Peugeot,508,Inline-4,1998.0,180.0,235.0,8,35500.0,Petrol,5,300.0
Peugeot,Partner,Diesel I4,1560.0,75.0,160.0,12,22500.0,Diesel,5,200.0
Peugeot,Expert,Diesel I4,1997.0,120.0,180.0,10,30000.0,Diesel,3,300.0
Peugeot,Boxer,Diesel I4,2200.0,140.0,160.0,11,32000.0,Diesel,3,340.0
Peugeot,208 GTI,Inline-4,1598.0,208.0,230.0,6.5,28000.0,Petrol,5,300.0
Peugeot,308 GTI,Inline-4,1598.0,270.0,250.0,6,35000.0,Petrol,5,330.0
Peugeot,308 Allure,Inline-4,1199.0,130.0,205.0,9.3,25000.0,Petrol,5,230.0
Peugeot,2008 Allure,Inline-4,1199.0,130.0,200.0,9.7,27000.0,Petrol,5,230.0
Peugeot,3008 Allure,Inline-4,1499.0,180.0,210.0,8,30000.0,Petrol,5,250.0
Peugeot,5008 Allure,Inline-4,1499.0,180.0,200.0,8.5,33000.0,Petrol,7,250.0
Peugeot,508 Allure,Inline-4,1499.0,180.0,225.0,8,35000.0,Petrol,5,250.0
Peugeot,3008 GT,Inline-4,1598.0,200.0,220.0,7.5,35000.0,Petrol,5,280.0
Peugeot,508 GT,Inline-4,1598.0,225.0,235.0,6.8,40000.0,Petrol,5,300.0
Peugeot,208 Allure Premium,Inline-4,1199.0,130.0,200.0,9.5,28000.0,Petrol,5,230.0
Peugeot,Partner Tepee,Inline-4,1560.0,100.0,170.0,12,25000.0,Diesel,5,260.0
Peugeot,Expert L2H1,Inline-4,1997.0,120.0,160.0,13,30000.0,Diesel,3,320.0
Peugeot,Boxer L2H2,Inline-4,2200.0,130.0,140.0,14,35000.0,Diesel,3,350.0
Peugeot,2008 Active,Inline-4,1199.0,100.0,190.0,11.2,22000.0,Petrol,5,205.0
Peugeot,3008 Active,Inline-4,1499.0,130.0,200.0,10,30000.0,Petrol,5,240.0
Peugeot,5008 Active,Inline-4,1499.0,130.0,190.0,10.5,33000.0,Petrol,7,240.0
Peugeot,3008 Allure Premium,Inline-4,1499.0,130.0,200.0,9.8,32000.0,Petrol,5,240.0
Peugeot,5008 Allure Premium,Inline-4,1499.0,130.0,190.0,10.2,35000.0,Petrol,7,240.0
Peugeot,3008 GT Line,Inline-4,1598.0,180.0,210.0,8.5,35000.0,Petrol,5,250.0
Peugeot,5008 GT Line,Inline-4,1598.0,180.0,200.0,9,38000.0,Petrol,7,250.0
Peugeot,2008 GT,Inline-4,1199.0,130.0,200.0,9.3,25000.0,Petrol,5,230.0
Peugeot,5008 GT,Inline-4,1598.0,180.0,210.0,8.2,40000.0,Petrol,7,250.0
Peugeot,508 SW (Station Wagon),Inline-4,1598.0,180.0,220.0,8.4,35000.0,Petrol,5,300.0
Peugeot,508 Saloon,Inline-4,1598.0,180.0,210.0,8.6,37000.0,Petrol,5,300.0
Peugeot,308 Saloon,Inline-4,1199.0,130.0,200.0,9,28000.0,Petrol,5,230.0
Peugeot,301 Sedan,Inline-4,1199.0,82.0,180.0,12,20000.0,Petrol,5,115.0
Peugeot,208 Sedan,Inline-4,1199.0,100.0,190.0,11.2,22000.0,Petrol,5,205.0
Ford,Mustang,5.0L V8,5000.0,450.0,250.0,4.3,55000.0,Petrol,4,530.0
Ford,GT,3.5L Twin-Turbo V6,3500.0,660.0,348.0,3,500000.0,Petrol,2,746.0
Ford,Focus ST,2.3L Turbo Inline-4,2300.0,280.0,250.0,5.7,30000.0,Petrol,5,420.0
Ford,Fiesta ST,1.5L Turbo Inline-3,1500.0,200.0,230.0,6.5,23000.0,Petrol,5,290.0
Ford,Bronco Raptor,3.0L Twin-Turbo V6,3000.0,400.0,220.0,5.5,70000.0,Petrol,4,583.0
Ford,Ranger Raptor,2.7L Twin-Turbo V6,2700.0,392.0,200.0,6,45000.0,Petrol,5,583.0
Ford,F-150 Raptor,3.5L Twin-Turbo V6,3500.0,450.0,200.0,5,70000.0,Petrol,5,691.0
Ford,Puma,Turbocharged Inline-3,1000.0,123.0,191.0,9.6,28000.0,Petrol,5,200.0
Ford,Territory,Turbocharged Inline-4,1500.0,140.0,180.0,11,32000.0,Petrol,5,225.0
Ford,Everest,Turbocharged Inline-4,2000.0,210.0,190.0,10.5,52000.0,Diesel,7,500.0
Ford,Flex,Naturally Aspirated V6,3500.0,287.0,200.0,7.9,31000.0,Petrol,7,345.0
Ford,Transit,EcoBlue Turbo Diesel,2000.0,170.0,160.0,12,43455.0,Diesel,215,405.0
Ford,Transit Connect,Inline-4 Gasoline Engine,2000.0,162.0,175.0,10.5,29365.0,Petrol,27,200.0
Ford,F-450 Super Duty,Turbocharged V8 Diesel,6700.0,475.0,165.0,8.5,61625.0,Diesel,26,1424.0
Ford,F-550 Super Duty,Turbocharged V8 Diesel,6700.0,475.0,165.0,8.8,64540.0,Diesel,26,1424.0
Ford,Mustang Shelby GT500,Supercharged V8,5200.0,760.0,290.0,3.5,79420.0,Petrol,2,847.0
Ford,Mustang Shelby GT350,Naturally Aspirated V8,5200.0,526.0,280.0,4,59140.0,Petrol,2,582.0
Ford,F-150 Platinum,Turbocharged V6,3500.0,400.0,180.0,6.5,64695.0,Petrol,5,678.0
Ford,F-150 Limited,Turbocharged V6,3500.0,450.0,190.0,6.1,84910.0,Petrol,5,678.0
Ford,Explorer Platinum,Turbocharged V6,3000.0,400.0,230.0,6,56505.0,Petrol,7,563.0
Ford,Expedition King Ranch,Turbocharged V6,3500.0,440.0,210.0,6.8,79560.0,Petrol,78,691.0
Ford,Transit Custom,EcoBlue Turbo Diesel,2000.0,130.0,160.0,12.5,35000.0,Diesel,29,385.0
Ford,E-Series Cutaway,V8 Gasoline Engine,7300.0,350.0,140.0,13,36000.0,Petrol,2,569.0
Ford,Transit Chassis Cab,EcoBlue Turbo Diesel,2000.0,170.0,160.0,11.5,37000.0,Diesel,2,405.0
Ford,Mustang (2024),V8 Gasoline Engine,5000.0,450.0,250.0,4.5,60000.0,Petrol,4,570.0
Ford,Ranger (2024),I4 Turbo Diesel,2000.0,210.0,180.0,8,40000.0,Diesel,5,500.0
Ford,Bronco (2024),V6 EcoBoost,2700.0,310.0,200.0,6.7,45000.0,Petrol,5,542.0
Ford,Explorer (2024),V6 Turbocharged,3000.0,400.0,230.0,5.9,55000.0,Petrol,7,563.0
