Company/Brand,Car Name,Battery_CC,Battery_kWh,Horsepower (hp),Top Speed (km/h),Acceleration (time in seconds to reach 100km/h),Price ($),Fuel Type,Seats,Torque (Nm),Torque
FERRARI,SF90 STRADALE,3990,,963,340,2.5,1100000,PH,2,800,800 Nm
ROLLS ROYCE,PHANTOM,6749,,563,250,5.3,460000,P,5,900,900 Nm
Ford,KA+,1200,,78,165,10.5,13500,P,5,373,100 - 140 Nm
MERCEDES,GT 63 S,3982,,630,250,3.2,161000,P,4,900,900 Nm
AUDI,AUDI R8 Gt,5204,,602,320,3.6,253290,P,2,560,560 Nm
BMW,Mclaren 720s,3994,,710,341,2.9,499000,P,2,770,770 Nm
ASTON MARTIN,VANTAGE F1,3982,,656,314,3.6,193440,P,2,685,685 Nm
BENTLEY,Continental GT Azure,3996,,550,318,4,311000,P,4,900,900 Nm
LAMBORGHINI,VENENO ROADSTER,6498,,750,356,2.9,4500000,P,2,690,690 Nm
FERRARI,F8 TRIBUTO,3900,,710,340,2.9,280000,P,2,770,770 Nm
FERRARI,812 GTS,6496,,789,340,2.9,350000,P,2,718,718 Nm
FERRARI,PORTOFINO,3900,,592,320,3.2,210000,P,4,760,760 Nm
FERRARI,ROMA,3900,,612,320,3.4,230000,P,4,760,760 Nm
FERRARI,MONZA SP2,6496,,789,340,2.9,1700000,P,2,719,719 Nm
FERRARI,F8 SPIDER,3900,,710,340,2.9,280000,P,2,770,770 Nm
FERRARI,PORTOFINO M,3900,,612,320,3.2,220000,P,4,760,760 Nm
FERRARI,ROMA SPIDER,3900,,612,320,3.4,240000,P,4,760,760 Nm
TOYOTA,GR SUPRA,2998,,382,250,4.1,53900,P,2,500,500 Nm
TOYOTA,TOYOTA 86,1998,,205,226,6.4,27000,P,4,205,205 Nm
TOYOTA,TOYOTA  GR86,2387,,228,226,5.6,30000,P,4,250,250 Nm
TOYOTA,TOYOTA LAND CRUISER,5663,,381,220,6.7,85000,D,7,500,500 Nm
TOYOTA,TOYOTA SEQUOIA,5663,,381,200,6.9,50000,P,7,651,651 Nm
NISSAN,GT-R,3799,,600,315,2.9,113000,P,4,637,637 Nm
NISSAN,370Z,3696,,332,250,4.7,30000,P,2,366,366 Nm
NISSAN,Z PROTO,2998,,400,290,4.1,40000,P,2,475,475 Nm
NISSAN,ALTIMA,2488,,188,225,7.3,25000,P,5,380,380 Nm
NISSAN,MAXIMA,3498,,300,240,5.8,35000,P,5,354,354 Nm
NISSAN,SENTRA,1998,,149,200,8.2,20000,P,5,240,240 Nm
NISSAN,ROGUE,2488,,201,200,7.5,28000,P,5,270,270 Nm
NISSAN,PATHFINDER,3498,,284,225,6.5,35000,P,7,351,351 Nm
NISSAN,FRONTIER,3799,,310,180,6.8,30000,P,5,381,381 Nm
NISSAN,TITAN,5598,,400,200,5.9,40000,P,5,560,560 Nm
ASTON MARTIN,VALKYRIE,6496,,1160,402,2.5,3200000,H,2,900,900 Nm
ASTON MARTIN,VALHALLA,3996,,1000,362,2.5,1100000,H,2,1000,1000 Nm
ASTON MARTIN,DBS SUPERLEGGERA,5204,,715,340,3.4,316000,P,2,900,900 Nm
ASTON MARTIN,DB11,5204,,600,322,3.9,208000,P,4,700,700 Nm
ASTON MARTIN,VANTAGE,3996,,503,313,3.6,142000,P,2,685,685 Nm
ASTON MARTIN,DBX,3996,,542,291,4.5,189000,P,5,700,700 Nm
ASTON MARTIN,RAPIDE AMR,5935,,580,328,4.2,240000,P,4,630,630 Nm
ASTON MARTIN,VANQUISH,5935,,580,324,3.6,294000,P,2,630,630 Nm
ASTON MARTIN,LAGONDA TARAF,5935,,540,314,4.2,1100000,P,4,630,630 Nm
ASTON MARTIN,VICTOR,5204,,836,320,2.8,1300000,P,2,821,821 Nm
LAMBORGHINI,SIAN,6498,,819,350,2.8,2800000,H,2,720,720 Nm
LAMBORGHINI,AVENTADOR SVJ,6498,,759,350,2.8,518000,P,2,720,720 Nm
LAMBORGHINI,HURACAN PERFORMANTE,5204,,640,325,2.9,274000,P,2,600,600 Nm
LAMBORGHINI,HURACAN EVO,5204,,640,325,2.9,261000,P,2,600,600 Nm
LAMBORGHINI,AVENTADOR SV,6498,,740,350,2.8,493000,P,2,690,690 Nm
LAMBORGHINI,URUS,3996,,641,305,3.6,211000,P,5,850,850 Nm
LAMBORGHINI,HURACAN SPYDER,5204,,610,325,3.4,287000,P,2,600,600 Nm
LAMBORGHINI,AVENTADOR ROADSTER,6498,,700,350,3,445000,P,2,690,690 Nm
LAMBORGHINI,HURACAN  PERFORMANTE SPYDER,5204,,640,325,3.1,308000,P,2,600,600 Nm
LAMBORGHINI,AVENTADOR S,6498,,740,350,2.9,421000,P,2,690,690 Nm
LAMBORGHINI,HURACAN EVO SPYDER,5204,,640,325,3.1,287000,P,2,600,600 Nm
LAMBORGHINI,URUS PERFORMANTE,3996,,641,305,3.3,242000,P,5,850,850 Nm
LAMBORGHINI,AVENTADOR ULTIMAE,6498,,769,355,2.8,545000,P,2,720,720 Nm
LAMBORGHINI,HURACAN EVO RWD,5204,,610,325,3.3,258000,P,2,560,560 Nm
LAMBORGHINI,AVENTADOR SVJ ROADSTER,6498,,759,350,2.9,573000,P,2,720,720 Nm
LAMBORGHINI,URUS S,3996,,671,305,3.3,263000,P,5,850,850 Nm
LAMBORGHINI,HURACAN STO,5204,,640,325,3,327000,P,2,565,565 Nm
LAMBORGHINI,AVENTADOR LP 780-4 ULTIMATE,6498,,769,355,2.8,545000,P,2,720,720 Nm
LAMBORGHINI,HURACAN EVO RWD SPYDER,5204,,610,325,3.3,273000,P,2,600,600 Nm
LAMBORGHINI,AVENTADOR SVJ XAGO,6498,,759,350,2.9,603000,P,2,720,720 Nm
LAMBORGHINI,URUS GRAPHITE CAPSULE,3998,,641,305,3.3,253000,P,5,850,850 Nm
LAMBORGHINI,HURACAN STO EVO,5204,,640,325,3,342000,P,2,565,565 Nm
LAMBORGHINI,AVENTADOR LP 780-4 ULTIMATE ROADSTER,6498,,769,355,2.8,573000,P,2,720,720 Nm
ROLLS ROYCE,GHOST,6592,,591,250,4.8,332000,P,5,850,850 Nm
ROLLS ROYCE,WRAITH,6592,,624,250,4.4,330000,P,4,870,870 Nm
ROLLS ROYCE,DAWN,6592,,624,250,4.9,360000,P,4,870,870 Nm
ROLLS ROYCE,CULLINAN,6749,,563,250,5.2,325000,P,5,850,850 Nm
ROLLS ROYCE,PHANTOM EXTENDED,6749,,563,250,5.3,500000,P,5,900,900 Nm
ROLLS ROYCE,GHOST EXTENDED,6592,,591,250,4.8,370000,P,5,850,850 Nm
ROLLS ROYCE,WRAITH BLACK BADGE,6592,,624,250,4.3,360000,P,4,870,870 Nm
ROLLS ROYCE,DAWN BLACK BADGE,6592,,624,250,4.8,390000,P,4,870,870 Nm
ROLLS ROYCE,CULLINAN BLACK BADGE,6749,,563,250,5.1,350000,P,5,850,850 Nm
ROLLS ROYCE,PHANTOM COUPE,6749,,563,250,5.3,450000,P,4,870,870 Nm
ROLLS ROYCE,GHOST COUPE,6592,,591,250,4.8,340000,P,4,850,850 Nm
ROLLS ROYCE,WRAITH COUPE,6592,,624,250,4.4,330000,P,4,870,870 Nm
ROLLS ROYCE,DAWN CONVERTIBLE,6592,,624,250,4.9,380000,P,4,870,870 Nm
ROLLS ROYCE,CULLINAN SUV,6749,,563,250,5.2,320000,P,5,850,850 Nm
MERCEDES,BENZ S-CLASS S 580,3982,,496,250,4.4,116000,P,5,700,700 Nm
MERCEDES,BENZ E-CLASS E 63 S,3982,,603,250,3.4,104000,P,5,850,850 Nm
MERCEDES,BENZ CLA 45 AMG,1991,,382,250,4.1,53000,P,5,500,500 Nm
MERCEDES,BENZ GLE 63 S,3982,,603,250,4.2,113000,P,5,850,850 Nm
MERCEDES,BENZ S-CLASS S 500,2996,,429,250,4.9,109000,P,5,700,700 Nm
MERCEDES,BENZ E-CLASS E 450,2996,,362,250,5.2,62000,P,5,500,500 Nm
MERCEDES,BENZ CLS 450,2996,,362,250,5.2,70000,P,5,500,500 Nm
MERCEDES,BENZ GT 53,2996,,429,250,4.5,99000,P,5,700,700 Nm
MERCEDES,BENZ GLE 450,2996,,362,250,5.5,63000,P,5,500,500 Nm
MERCEDES,BENZ A-CLASS A 45 S,1991,,416,250,3.9,53000,P,5,500,500 Nm
MERCEDES,BENZ C-CLASS C 43,2996,,402,250,4.7,52000,P,5,520,520 Nm
MERCEDES,BENZ E-CLASS E 350,1991,,255,250,5.7,49000,P,5,500,500 Nm
MERCEDES,BENZ GLE 350,1991,,255,250,6.1,53000,P,5,500,500 Nm
MERCEDES,BENZ GLC 43,2996,,402,250,4.7,54000,P,5,520,520 Nm
MERCEDES,BENZ GLA 45,1991,,382,250,4.3,48000,P,5,500,500 Nm
MERCEDES,BENZ GLC 350,1991,,255,250,6.1,46000,P,5,500,500 Nm
MERCEDES,BENZ GLE 53,2996,,429,250,5.2,71000,P,5,620,620 Nm
MERCEDES,BENZ S-CLASS S 350,1991,,255,250,6.5,90000,P,5,500,500 Nm
MERCEDES,BENZ EQS 53,,,751,250,3.4,102000,E,5,950,950 Nm
MERCEDES,BENZ MAYBACH S 680,5980,,630,250,4.7,200000,P,5,1000,1000 Nm
BMW,M5 CS,4395,,627,305,3,142000,P,5,750,750 Nm
BMW,M4 GTS,2993,,493,305,3.7,133000,P,4,600,600 Nm
BMW,M3 COMPETITION,2993,,503,285,3.5,76000,P,5,650,650 Nm
BMW,M2 CS,2993,,444,280,4,83000,P,4,550,550 Nm
BMW,X5 M COMPETITION,4935,,523,285,4.1,114000,P,5,750,750 Nm
BMW,X3 M COMPETITION,2993,,503,285,4.1,69000,P,5,650,650 Nm
BMW,M8 GRAN COUPE,4395,,523,305,3.3,146000,P,5,750,750 Nm
BMW,M850i DRIVE COUPE,4935,,523,285,3.7,108000,P,4,750,750 Nm
ROLLS ROYCE,DAWN BLACK BADGE VOLANTE,6592,,563,250,4.8,398000,P,4,840,840 Nm
ROLLS ROYCE,CULLINAN BLACK BADGE SUV,6749,,563,250,5.1,381000,P,5,850,850 Nm
ROLLS ROYCE,PHATOM TRANQUILITY,6749,,563,250,5.3,475000,P,5,900,900 Nm
ROLLS ROYCE,GHOST ZENITH,6749,,563,250,4.9,335000,P,5,900,900 Nm
ROLLS ROYCE,WRAITH EAGLE VIII,6592,,623,250,4.5,349000,P,4,800,800 Nm
ROLLS ROYCE,PHATOM ORCHID,6749,,563,250,5.3,495000,P,5,900,900 Nm
ROLLS ROYCE,GHOST AZURE,6749,,563,250,4.9,355000,P,5,900,900 Nm
ROLLS ROYCE,WRAITH KRYPTOS,6592,,623,250,4.5,369000,P,4,800,800 Nm
ROLLS ROYCE,DAWN SILVER BULLET,6592,,563,250,4.8,418000,P,4,840,840 Nm
ROLLS ROYCE,CULLINAN FUX ORANGE,6749,,563,250,5.1,401000,P,5,850,850 Nm
ROLLS ROYCE,PHANTOM CELESTIAL,6749,,563,250,5.3,515000,P,5,900,900 Nm
ROLLS ROYCE,GHOST MYSORE,6749,,563,250,4.9,375000,P,5,900,900 Nm
ROLLS ROYCE,WRAITH LUMINARY,6592,,623,250,4.5,389000,P,4,800,800 Nm
ROLLS ROYCE,DAWN BLACK BADGE ADAMAS,6592,,563,250,4.8,439000,P,4,840,840 Nm
ROLLS ROYCE,CULLINAN RED DIAMOND,6749,,563,250,5.1,421000,P,5,850,850 Nm
AUDI,R8 V10 PLUS,5204,,610,330,3.2,194000,P,2,560,560 Nm
AUDI,RS7 SPORTBACK,3993,,591,305,3.6,114000,P,5,800,800 Nm
AUDI,S8,3993,,563,305,4.3,101000,P,5,800,800 Nm
AUDI,RS6 AVANT,3993,,591,305,3.6,109000,P,5,800,800 Nm
AUDI,S7 SPORTBACK,3993,,563,305,4.3,96000,P,5,650,650 Nm
AUDI,A8,2995,,335,250,5.7,86000,P,5,600,600 Nm
AUDI,S5 COUPE,2995,,349,250,4.8,64000,P,4,500,500 Nm
AUDI,SQ5,2995,,349,250,5.4,62000,P,5,500,500 Nm
AUDI,S4 SEDAN,2995,,349,250,4.7,59000,P,5,500,500 Nm
AUDI,S3 SEDAN,1984,,306,250,4.8,52000,P,5,400,400 Nm
AUDI,Q7,2995,,335,250,6.3,60000,P,7,600,600 Nm
AUDI,Q5,1984,,248,240,6.3,43000,P,5,500,500 Nm
AUDI,A7,2995,,335,250,5.7,68000,P,5,600,600 Nm
AUDI,A6,2995,,335,250,5.7,58000,P,5,600,600 Nm
AUDI,A5 COUPE,1984,,248,240,6.3,45000,P,4,500,500 Nm
AUDI,A4,1984,,248,240,6.5,39000,P,5,400,400 Nm
AUDI,Q3,1984,,248,230,7.3,35000,P,5,400,400 Nm
AUDI,E-TRON,,95,402,200,5.5,75000,E,5,664,664 Nm
AUDI,E-TRON SPORTBACK,,95,402,200,5.5,78000,E,5,664,664 Nm
AUDI,TT COUPE,1984,,248,250,5.3,49000,P,2,400,400 Nm
BMW,I8 ROADSTER,,11.6,369,250,4.4,165000,H,2,570,570 Nm
BMW,330i,1998,,255,250,5.6,45000,P,5,400,400 Nm
BMW,M340i XDRIVE,2998,,382,250,4.1,57000,P,5,500,500 Nm
BMW,430i COUPE,1998,,255,250,5.8,48000,P,4,400,400 Nm
BMW,M4 COMPETITION,2993,,503,290,3.8,81000,P,4,650,650 Nm
BMW,530i,1998,,248,250,5.9,57000,P,5,400,400 Nm
BMW,M550i XDRIVE,4395,,523,250,3.6,78000,P,5,650,650 Nm
BMW,118i,1499,,136,213,8.5,32000,P,5,220,220 Nm
BMW,128ti,1998,,261,250,6.1,42000,P,5,400,400 Nm
BMW,M135i XDRIVE,1998,,302,250,4.8,30000,P,5,450,450 Nm
BMW,116D,1496,,116,200,10.3,30000,D,5,280,280 Nm
BMW,120D XDRIVE,1995,,190,230,6.9,38000,D,5,400,400 Nm
BMW,116i,1499,,109,200,10.9,28000,P,5,200,200 Nm
BMW,118D,1995,,150,216,8.4,34000,D,5,380,380 Nm
BMW,120i,1998,,178,230,7.1,37000,P,5,300,300 Nm
BMW,125i,1998,,224,240,6.1,42000,P,5,400,400 Nm
BMW,114D,1496,,95,185,12.2,27000,D,5,270,270 Nm
BMW,114i,1598,,102,195,11.2,26000,P,5,200,200 Nm
BMW,125D,1995,,224,240,6.3,44000,D,5,400,400 Nm
BMW,118i XDRIVE,1499,,136,211,8.9,34000,P,5,250,250 Nm
BMW,116D EFFICIENTDYNAMICS,1496,,116,200,10.9,30000,D,5,270,270 Nm
BMW,118i SPORTLINE,1499,,136,213,8.5,35000,P,5,250,250 Nm
BMW,118i M SPORT,1499,,136,213,8.5,37000,P,5,250,250 Nm
BMW,120i M SPORT,1998,,178,230,7.1,39000,P,5,300,300 Nm
BMW,116i EFFICIENTDYNAMICS,1598,,109,195,10.9,29000,P,5,200,200 Nm
BMW,116D ADVANTAGE,1496,,116,200,10.5,31000,D,5,270,270 Nm
BMW,120D EFFICIENTDYNAMICS,1995,,163,225,7.7,39000,D,5,400,400 Nm
BMW,118i SHADOW LINE,1499,,136,213,8.5,36000,P,5,250,250 Nm
BMW,118D SPORT LINE,1995,,150,216,8.4,36000,D,5,380,380 Nm
BMW,120i XDRIVE,1998,,178,230,7.2,40000,P,5,300,300 Nm
BMW,114D SPORT LINE,1496,,95,185,12.2,28000,D,5,270,270 Nm
BMW,118i URBAN LINE,1499,,136,213,8.5,35000,P,5,250,250 Nm
VOLVO,XC90,1969,,247,200,6.5,60000,P,7,400,400 Nm
VOLVO,XC60,1969,,247,220,6.4,55000,P,5,400,400 Nm
VOLVO,S90,1969,,295,250,5.9,60000,P,5,400,400 Nm
KIA,SPORTAGE LX,2480,,187,200,8,27000,P,5,250,250 Nm
KIA,SPORTAGE EX,2480,,187,200,8,30000,P,5,250,250 Nm
KIA,SPORTAGE GT-LINE,2480,,187,200,8,32000,P,5,350,350 Nm
KIA,SPORTAGE SX TURBO,1998,,240,210,6.7,36000,P,5,400,400 Nm
KIA,SPORTAGE NIGHTFALL EDITION,2480,,187,200,8,33000,P,5,350,350 Nm
HONDA,CIVIC TYPE R,1996,,315,272,5.7,44000,P,5,400,400 Nm
KIA,SPORTAGE PHEV,1600,13.8,261,180,8,41000,,5,350,350 Nm
KIA,SPORTAGE 2024(BASE MODEL),2480,,187,200,8,26000,P,5,250,250 Nm
KIA,SPORTAGE 2024(TOP TRIM),1998,,240,210,6.7,38000,P,5,400,400 Nm
KIA,SPORTAGE 2024(BASE AWD),2480,,187,200,8.3,29000,P,5,250,250 Nm
KIA,SPORTAGE X-LINE,2480,,187,200,8,32500,P,5,350,350 Nm
KIA,SPORTAGE 2024(S TRIM),2480,,187,200,8.2,28000,P,5,250,250 Nm
HONDA,ACCORD,1498,,192,201,7.1,29400,P,5,370,370 Nm
KIA,SPORTAGE 2024(HYBRID AWD),1600,1.49,227,180,8,37000,H,5,350,350 Nm
KIA,SPORTAGE 2024(PLUG-IN HYBRID AWD),1598,13.8,261,180,7.9,42000,,5,350,350 Nm
KIA,SPORTAGE 2024(X-PRO),2480,,187,200,8.1,36000,P,5,400,400 Nm
KIA,SPORTAGE 2024(X-PRO PRESTIGE),2480,,187,200,8.1,38000,P,5,400,400 Nm
KIA,SPORTAGE 2024(SX TURBO AWD),1998,,240,210,6.5,40000,P,5,400,400 Nm
KIA,SPORTAGE 2024(BASE FWD),2480,,187,200,8.5,26500,P,5,250,250 Nm
HONDA,CR-V,1498,,190,186,8.2,30000,H,5,400,400 Nm
HONDA,PILOT,3471,,285,209,6.3,40000,P,8,360,360 Nm
HONDA,CIVIC HATCHBACK,1498,,180,220,6.8,26350,P,5,300,300 Nm
TOYOTA,CAMRY,3500,,301,220,6,27000,H,5,250,250 Nm
TOYOTA,COROLLA,1798,,139,180,9.4,22500,H,5,200,200 Nm
TOYOTA,PRIUS,1798,,121,180,10.5,26700,H,5,142,142 Nm
TOYOTA,RAV4,2494,,203,200,8.1,27100,H,5,400,400 Nm
TOYOTA,HIGHLANDER,3456,,295,220,7.2,38400,H,7,370,370 Nm
TOYOTA,4RUNNER,3956,,270,200,7.5,37400,P,5,400,400 Nm
TOYOTA,TACOMA,2694,,159,180,9.5,26400,P,5,400,400 Nm
TOYOTA,TUNDRA,5663,,381,220,6.7,39900,P,5,650,650 Nm
TOYOTA,AVALON,3456,,301,220,6.9,41400,P,5,400,400 Nm
TOYOTA,MIRAI,1798,,151,180,9.2,52400,HD,5,335,335 Nm
TOYOTA,SIENNA,2494,,245,190,8,44150,H,7,360,360 Nm
TOYOTA,VENZA,2494,,219,200,7.5,33400,H,5,400,400 Nm
TOYOTA,HIGHLANDER HYBRID,3456,,240,220,8.2,40400,H,7,350,350 Nm
TOYOTA,LAND CRUISER PRADO,3956,,282,200,7.2,49400,P,7,450,450 Nm
TOYOTA,TUNDRA HYBRID,3456,,344,220,6.2,43400,H,5,650,650 Nm
TOYOTA,YARIS,1496,,106,180,11.2,18400,P,5,150,150 Nm
TOYOTA,C-HR,1986,,144,200,10.2,24400,H,5,250,250 Nm
TOYOTA,BZ4X,,68.8,218,200,7.5,43400,E,5,330,330 Nm
TOYOTA,CROWN,2494,,236,200,7.6,38400,H,5,400,400 Nm
TOYOTA,MR2,1986,,168,200,6.9,29000,P,2,400,400 Nm
TOYOTA,CELICA,1986,,140,200,8.5,25000,P,5,250,250 Nm
HONDA,CITY,1497,,119,180,10.2,15400,H,5,145,145 Nm
HONDA,CIVIC,1996,,158,200,8.5,20400,P,5,400,400 Nm
HYUNDAI,I10,1197,,87,160,12.2,12400,P,5,120,120 Nm
HYUNDAI,I20,1396,,99,180,10.5,15400,H,5,250,250 Nm
HYUNDAI,ELANTRA,1999,,147,200,9.5,18400,H,5,250,250 Nm
MAHINDRA,XUV500,2179,,155,180,10.5,18400,D,7,400,400 Nm
MAHINDRA,SCORPIO,2179,,140,160,11.2,16400,D,7,280,280 Nm
MAHINDRA,THAR,1997,,150,180,10.5,20400,P,4,320,320 Nm
MARUTI SUZUKI,SWIFT,1197,,83,160,12.2,10400,P,5,113,113 Nm
MARUTI SUZUKI,DZIRE,1197,,83,160,12.2,11400,P,5,113,113 Nm
MARUTI SUZUKI,BREZZA,1462,,103,180,11.5,14400,P,5,200,200 Nm
TOYOTA,PRIUS PRIME,1998,,220,180,6.7,31100,,5,220,220 Nm
TOYOTA,GR COROLLA,1618,,300,230,2.5,36995,P,5,370,370 Nm
TOYOTA,LAND CRUISER 300,3346,,305,210,6.8,58500,P,7,650,650 Nm
TOYOTA,TUNDRA I-FORCE MAX,3445,,437,180,6.2,56000,H,5,750,750 Nm
TOYOTA,COROLLA HATCHBACK XSE,1987,,169,190,8.2,25390,P,5,250,250 Nm
TOYOTA,MIRAI,,1.24,152,180,9,49500,HD,5,335,335 Nm
TOYOTA,HILUX GR SPORT,2755,,224,170,10,50000,P,5,500,500 Nm
TOYOTA,ALPHARD EXECUTIVE LOUNGE,2975,,296,180,8.5,60000,P,7,400,400 Nm
TOYOTA,FORTUNER GR SPORT,2755,,204,175,10.5,55000,P,7,500,500 Nm
TOYOTA,INNOVA HYCROSS,1987,,184,165,9.5,40000,H,7,250,250 Nm
TOYOTA,COASTER,4009,,134,120,6.5,70000,D,20,500,500 Nm
TOYOTA,URBAN CRUISER TAISOR,1490,,114,170,11,25000,P,5,130,130 Nm
TOYOTA,AYGO X,998,,71,160,14.8,18000,P,4,93,93 Nm
TOYOTA,HILUX REVO ROCCO,2755,,204,175,10,50000,D,5,500,500 Nm
TOYOTA,PROACE VERSO ELECTRIC,,75,136,130,13.5,55000,E,7,280,280 Nm
TOYOTA,CENTURY SUV,3456,,406,200,6,170000,P,5,500,500 Nm
TOYOTA,COROLLA SEDAN HYBRID,1798,,134,180,10,24000,H,5,300,300 Nm
TOYOTA,BZ3,,65,241,160,7.5,35000,E,5,340,340 Nm
TOYOTA,GR YARIS,1618,,268,230,5.5,45000,P,4,390,390 Nm
HYUNDAI,SANTA FE,1600,,253,180,9.3,50000,H,7,420,420 Nm
HYUNDAI,IONIQ 5,,72.6,225,185,7.4,41000,E,5,350,350 Nm
HYUNDAI,Santa Cruz,2500,,281,215,6.5,40799,P,5,400,400 Nm
HYUNDAI,Kona,1591,,147,185,7.5,20500,H,5,400,400 Nm
HYUNDAI,Elantra,2000,,147,210,8.3,19950,H,5,250,250 Nm
Nissan,Urvan,,,2488,140,14,28000,D,15,356,356 Nm
HYUNDAI,IONIQ 6,,65.5,320,185,5.2,41450,E,5,350,350 Nm
HYUNDAI,Tucson,2500,,187,180,6.1,30500,H,5,400,400 Nm
HYUNDAI,Palisade,3800,,291,240,6.3,52000,P,7,355,355 Nm
HYUNDAI,Sonata,2500,,191,240,8,25000,H,5,250,250 Nm
HYUNDAI,Accent,1600,,120,180,9.8,15000,P,5,151,151 Nm
HYUNDAI,Venue,1600,,121,180,9.5,18000,P,5,240,240 Nm
HYUNDAI,KONA Electric,,39.2,200,200,6.1,40000,E,5,395,395 Nm
HYUNDAI,Veloster,2000,,275,220,6,25000,P,4,264,264 Nm
HYUNDAI,NEXO,,1.56,161,180,7.8,38000,HD,5,400,400 Nm
HYUNDAI,Ioniq,1600,,139,160,8.5,18000,H,5,295,295 Nm
HYUNDAI,Genesis,3800,,291,240,6.3,52000,P,5,400,400 Nm
HYUNDAI,Azera,3300,,278,240,6.5,55000,P,5,250,250 Nm
HYUNDAI,Equus,3300,,278,240,6.5,55000,P,5,400,400 Nm
HYUNDAI,Tiburon,2000,,160,200,8.2,19000,P,4,320,320 Nm
HYUNDAI,Elantra GT,2000,,160,200,8.3,22000,P,5,320,320 Nm
Volkswagen,Golf,1498,49,215,210,8.5,23000,P,5,250,250 Nm
Volkswagen,Passat,1984,,215,210,7.8,25000,P,5,250,250 Nm
Volkswagen,Tiguan,1984,,190,209,8.5,28505,H,7,300,300 Nm
Volkswagen,Jetta,1498,,189,210,7.7,21995,P,5,250,250 Nm
Volkswagen,Polo,1298.5,,140,190,9.5,18000,P,5,175,175 Nm
Volkswagen,Arteon,1984,,215,250,5.6,46000,P,5,350,350 Nm
Volkswagen,ID.4,,77,252,160,7.8,39735,E,5,310,310 Nm
Volkswagen,Up!,,32.3,82,160,13,15000,P,4,95,95 Nm
Volkswagen,Touareg,3461.5,,366,235,5.9,55000,P,5,600,600 Nm
Volkswagen,Scirocco,1984,,202,233,6,35000,P,4,350,350 Nm
Volkswagen,Beetle,1984,,158,205,7,20000,P,4,240,240 Nm
Volkswagen,Amarok,2967,,210,180,7.9,40000,D,5,550,550 Nm
Volkswagen,T-Roc,1984,,208,205,7.2,30000,P,5,320,320 Nm
Volkswagen,Sharan,1984,,185,200,9.3,33000,P,7,280,280 Nm
Volkswagen,Caddy,1498,,126,185,10.5,28000,P,7,250,250 Nm
Nissan,NV1500,3954,,261,160,9.5,33000,P,12,385,385 Nm
Volkswagen,Taigo,1498,,122,183,10,24000,P,5,200,200 Nm
Volkswagen,California,1984,,177,180,13,70000,D,7,340,340 Nm
Volkswagen,ID.3,,67.5,204,160,7.3,35000,E,5,310,310 Nm
Volkswagen,ID. Buzz,,77,204,145,10.2,59995,E,7,310,310 Nm
Volkswagen,Golf GTI,1984,,245,250,5.9,31965,P,5,350,350 Nm
Volkswagen,Golf R,1984,,315,250,4.6,44640,P,5,420,420 Nm
Volkswagen,Passat Alltrack,1968,,215,220,7.8,36000,D,5,400,400 Nm
Volkswagen,Polo GTI,1984,,204,238,6.7,28000,P,5,320,320 Nm
Volkswagen,Up! GTI,999,,115,196,8.8,20000,P,4,200,200 Nm
Volkswagen,T-Cross,1248.5,,122,200,10.2,25000,P,5,250,250 Nm
Volkswagen,ID.5,,77,236,180,8.4,45000,E,5,310,310 Nm
Volkswagen,ID. Buzz Cargo,,77,204,145,10.2,55000,E,3,310,310 Nm
Volkswagen,Touareg R,2995,,462,250,5.1,70000,H,5,700,700 Nm
Volkswagen,Multivan,1681.5,,184,190,9.4,50000,H,7,350,350 Nm
Volkswagen,Polo BlueMotion,1199,,85,190,10.5,22000,D,5,250,250 Nm
Volkswagen,Golf Sportsvan,1498,,140,210,8.9,30000,P,5,250,250 Nm
Volkswagen,Golf Alltrack,1968,,174,210,7.1,35000,P,5,350,350 Nm
Volkswagen,Scirocco R,1984,,280,250,5.5,40000,P,4,350,350 Nm
Volkswagen,Tiguan Allspace,1984,,207,215,7.6,35000,P,7,320,320 Nm
Volkswagen,Arteon 4MOTION,1984,,255,250,5.6,48000,P,5,350,350 Nm
Volkswagen,ID.4 GTX,,77,299,180,6.2,50000,E,5,460,460 Nm
Volkswagen,ID.3 Pro,,58,204,160,7.3,35000,E,5,310,310 Nm
Volkswagen,Golf Variant,1733,,140,220,7.5,32000,P,5,320,320 Nm
Volkswagen,Crafter,1968,,140,160,13,40000,D,3,410,410 Nm
Volkswagen,Lupo,1294.5,,68,170,14.3,15000,P,4,120,120 Nm
Volkswagen,Corrado,2861,,190,235,6.4,25000,P,4,245,245 Nm
Volkswagen,Phaeton,4482.5,,345,250,6.1,85000,P,5,560,560 Nm
Volkswagen,Golf Cabriolet,1590.5,,158,217,8.4,30000,P,4,200,200 Nm
Volkswagen,Santana,1498,,110,190,12.9,15000,P,5,145,145 Nm
Volkswagen,Polo Vivo,1494,,95,170,10.8,14000,P,5,132,132 Nm
Volkswagen,Karmann Ghia,1192,,47,138,23,25000,P,2,106,106 Nm
Volkswagen,Fox,1294,,65,148,17.5,12000,P,5,93,93 Nm
Volkswagen,Vento,1598,,108,186,11.7,18000,P,5,153,153 Nm
Volkswagen,Golf Electric,,35.8,136,140,10.4,33000,E,5,290,290 Nm
Volkswagen,Bora,1747,,125,200,9.4,20000,P,5,220,220 Nm
Volkswagen,Teramont,2790.5,,256,190,8.6,32000,P,7,350,350 Nm
Volkswagen,Taos,1498,,158,193,8.4,24000,P,5,250,250 Nm
Volkswagen,Up! Cabriolet,999,,98,160,12.4,18000,P,4,95,95 Nm
Volkswagen,T-Roc Cabriolet,1248.5,,132,205,9.6,35000,P,4,250,250 Nm
Volkswagen,Passat CC,1984,,240,240,7.3,40000,P,5,280,280 Nm
Volkswagen,Transporter,1968,,153,180,12.2,35000,D,9,340,340 Nm
Volkswagen,Amarok V6,2967,,231,191,7.9,45000,D,5,580,580 Nm
Volkswagen,ID.2,,50,170,160,8,25000,E,5,220,220 Nm
Volkswagen,Polo TDI,1494,,90,190,9.9,20000,D,5,250,250 Nm
Volkswagen,Golf GTE,1395,,204,222,7.6,40000,H,5,350,350 Nm
Volkswagen,Touareg V8,3956,,421,250,4.9,70000,P,5,770,770 Nm
Volkswagen,Beetle Dune,1395,,150,200,7.5,30000,P,4,250,250 Nm
Volkswagen,Passat B8,1733,,215,210,8.7,28000,P,5,250,250 Nm
Volkswagen,ID.4 Pro S,,77,201,180,7.8,45000,E,5,310,310 Nm
Volkswagen,Golf Cabriolet,1590.5,,158,217,8.4,30000,P,4,200,200 Nm
Volkswagen,Golf Country,1781,,98,165,12,25000,P,5,170,170 Nm
Volkswagen,Jetta GLI,1984,,228,250,6.5,31000,P,5,350,350 Nm
Volkswagen,Arteon Shooting Brake,1984,,235,250,5.6,50000,P,5,420,420 Nm
Volkswagen,T-Cross R-Line,1248.5,,132,200,8.5,27000,P,5,250,250 Nm
Volkswagen,Golf R32,3189,,240,250,6.2,40000,P,5,320,320 Nm
Volkswagen,Passat B7,1791,,180,220,8.5,26000,P,5,280,280 Nm
Volkswagen,Scirocco 16V,1781,,137,220,7.1,35000,P,4,230,230 Nm
Volkswagen,Polo BlueMotion,1199,,85,190,10.5,20000,D,5,210,210 Nm
Volkswagen,Golf Variant GTD,1968,,184,230,7.5,38000,D,5,380,380 Nm
Volkswagen,Polo GTI R5,1598,,272,200,4.1,45000,P,5,400,400 Nm
Volkswagen,ID. Buzz Pro,,77,204,145,10.2,60000,E,7,310,310 Nm
Volkswagen,Jetta Hybrid,1395,,170,210,8.6,28000,H,5,250,250 Nm
Volkswagen,Golf Variant Alltrack,1968,,175,220,7.8,35000,P,5,320,320 Nm
Volkswagen,Volkswagen XL1,800,,68,160,11.9,150000,H,2,140,140 Nm
Volkswagen,Golf TDI,1968,,167,220,8,28000,D,5,350,350 Nm
Volkswagen,Passat Variant,1733,,195,220,8.5,30000,P,5,280,280 Nm
Volkswagen,Polo GTI Clubsport,1984,,300,240,6.7,30000,P,5,320,320 Nm
Volkswagen,Jetta Hybrid,1395,,170,210,8.6,28000,H,5,250,250 Nm
Volkswagen,ID.3 GTX,,77,299,180,6.2,45000,E,5,310,310 Nm
Volkswagen,Arteon R-Line,1984,,235,250,5.6,50000,P,5,420,420 Nm
Volkswagen,Golf TGI,1498,,130,220,8.8,30000,P,5,200,200 Nm
Volkswagen,Scirocco GTS,1984,,220,246,6.5,35000,P,4,350,350 Nm
Volkswagen,Caddy Maxi,1968,,136,180,12,25000,D,7,250,250 Nm
Volkswagen,Volkswagen Lupo 3L,1199,,61,165,14.5,20000,D,4,140,140 Nm
Volkswagen,Polo Beats,999,,95,187,9.5,22000,P,5,175,175 Nm
Volkswagen,Passat Hybrid,1395,,215,210,7.4,32000,H,5,330,330 Nm
Volkswagen,Golf TCR,1984,,290,250,5.6,40000,P,5,370,370 Nm
Volkswagen,Tiguan R-Line,1984,,210,250,4.9,45000,P,5,420,420 Nm
Volkswagen,Sharan Business,1968,,167,200,8.3,35000,D,7,350,350 Nm
Volkswagen,ID. Buzz Cargo Pro,,77,204,145,10.2,55000,E,2,310,310 Nm
Volkswagen,Arteon 280 TSI,1984,,280,250,5.6,50000,P,5,350,350 Nm
Volkswagen,Jetta GLI 35th,1984,,228,250,6.5,31000,P,5,350,350 Nm
Volkswagen,Beetle Final Edition,1984,,174,205,7,25000,P,4,250,250 Nm
Volkswagen,Golf Variant TDI,1968,,167,220,7.8,30000,D,5,350,350 Nm
Volkswagen,Golf 4MOTION,1968,,167,250,4.9,40000,P,5,400,400 Nm
Volkswagen,Jetta SportWagen,1681.5,,148,200,8.5,27000,P,5,250,250 Nm
Volkswagen,Polo GTI Plus,1984,,207,237,6.7,30000,P,5,320,320 Nm
Volkswagen,Touareg V6,2967,,286,235,7.5,60000,P,5,450,450 Nm
Volkswagen,Tiguan eHybrid,1395,,245,200,7.5,42000,H,5,400,400 Nm
Volkswagen,Up! e-up!,,32.3,83,130,11.9,23000,E,4,210,210 Nm
Volkswagen,Amarok V8,3996,,325,210,7.4,70000,D,5,580,580 Nm
Volkswagen,Golf R Cabriolet,1984,,265,250,5.9,45000,P,4,380,380 Nm
Volkswagen,Passat Alltrack TDI,1968,,190,220,8,40000,D,5,400,400 Nm
Volkswagen,ID. Buzz Cargo EV,,77,204,145,10.2,55000,E,2,310,310 Nm
Nissan,Versa,1598,,122,180,10.4,16700,P,5,154,154 Nm
Nissan,Micra,999,,100,175,10.8,15500,P,5,160,160 Nm
Nissan,Patrol Platinum,5552,,400,210,7.3,77000,P,7,560,560 Nm
Nissan,Qashqai,1332,,156,195,8.9,26000,P,5,260,260 Nm
Nissan,Murano,3498,,260,210,7.5,39000,P,5,325,325 Nm
Nissan,Maxima Platinum,3498,,300,220,6.2,45000,P,5,353,353 Nm
Nissan,Armada,5552,,400,210,6.5,51000,P,8,560,560 Nm
Nissan,Kicks,1598,,122,180,10.7,20000,P,5,154,154 Nm
Nissan,X-Trail,1498,,201,200,8,29000,H,5,305,305 Nm
Nissan,Z (Fairlady Z),2997,,400,250,4.5,40000,P,2,475,475 Nm
Nissan,Almera,999,,100,185,10.7,14500,P,5,160,160 Nm
Nissan,Sylphy,1798,,137,190,9.6,18000,P,5,174,174 Nm
Nissan,Note,1198,,109,170,11.5,16000,H,5,150,150 Nm
Nissan,Sunny,1598,,118,180,11,15000,P,5,156,156 Nm
Nissan,Cube,1798,,122,175,10.6,14500,P,5,171,171 Nm
Nissan,Juke,999,,117,180,10.4,25000,P,5,180,180 Nm
Nissan,Terrano,1461,,110,168,13.5,15500,D,5,248,248 Nm
Nissan,Magnite,999,,100,160,13,12000,P,5,160,160 Nm
Nissan,Xterra,3954,,261,200,7.8,35000,P,7,381,381 Nm
Nissan,Patrol,5552,,400,210,7.3,77000,P,7,560,560 Nm
Nissan,GT-R NISMO,3799,,600,330,2.9,220000,P,2,652,652 Nm
Nissan,370Z Roadster,3696,,332,250,5.5,41820,P,2,366,366 Nm
Nissan,Ariya,,87,389,200,5.1,58950,E,5,600,600 Nm
Nissan,Patrol Royale,5552,,400,210,6.6,85000,P,7,560,560 Nm
Nissan,Infiniti QX80*,5552,,400,210,6.5,70600,P,7,560,560 Nm
Nissan,Tiida,1598,,126,190,10.1,14500,P,5,154,154 Nm
Nissan,Pulsar,1197,,115,190,10.7,19000,P,5,190,190 Nm
Nissan,Latio,1498,,102,175,11.5,13000,P,5,139,139 Nm
Nissan,Bluebird Sylphy,1997,,133,185,10.5,18500,P,5,191,191 Nm
Nissan,March,1198,,79,170,13.7,12000,P,5,106,106 Nm
Nissan,Rogue Sport,1997,,141,190,9.8,24960,P,5,199,199 Nm
Nissan,X-Trail Hybrid,1997,,179,180,9.4,28500,H,5,207,207 Nm
Nissan,Pathfinder Rock Creek,3498,,284,190,7.4,42820,P,7,351,351 Nm
Nissan,Armada Platinum,5552,,400,210,6.5,65300,P,8,560,560 Nm
Nissan,Terrano XL,1598,,104,165,12.5,14000,P,5,145,145 Nm
Nissan,GT-R50 by Italdesign,3799,,720,315,2.5,1100000,P,2,780,780 Nm
Nissan,370Z NISMO,3696,,350,250,5.2,45790,P,2,374,374 Nm
Nissan,Ariya E-4ORCE,,87,389,200,5.1,60000,E,5,600,600 Nm
Nissan,Patrol NISMO,5552,,428,210,6.5,105000,P,7,560,560 Nm
Nissan,Infiniti Q60*,2997,,300,250,5,41750,P,4,400,400 Nm
Nissan,Primera,1998,,140,200,9.6,20000,P,5,190,190 Nm
Nissan,Skyline,2997,,400,250,5,50000,P,5,475,475 Nm
Nissan,Cedric,1998,,150,190,10.5,22000,P,5,190,190 Nm
Nissan,Gloria,2498,,210,210,8.6,30000,P,5,250,250 Nm
Nissan,Stanza,1796,,120,175,11,18500,P,5,170,170 Nm
Nissan,Patrol Super Safari,4750,,280,190,8.2,55000,P,7,451,451 Nm
Nissan,Pathfinder Hybrid,2488,,250,190,7.7,42500,H,7,329,329 Nm
Nissan,X-Terra Pro-4X,2498,,190,175,10.8,40000,P,7,240,240 Nm
Nissan,Rogue Platinum,1497,,201,180,8.2,38000,P,5,300,300 Nm
Nissan,Qashqai Tekna,1332,,158,190,9.2,36000,H,5,270,270 Nm
Nissan,GT-R V-Spec,3799,,600,330,2.8,175000,P,2,652,652 Nm
Nissan,Skyline NISMO,2997,,420,270,4.7,55000,P,5,475,475 Nm
Nissan,Ariya Lounge Edition,,87,389,200,5.1,63000,E,5,600,600 Nm
Nissan,Patrol Titanium,5552,,428,210,6.5,98000,P,7,560,560 Nm
Nissan,Infiniti FX50*,5026,,390,250,5.6,61750,P,5,500,500 Nm
Nissan,Avenir,1998,,140,180,9.8,20000,P,5,186,186 Nm
Nissan,Wingroad,1798,,125,175,10.8,18000,P,5,168,168 Nm
Nissan,Presea,1838,,115,170,11.5,17500,P,5,161,161 Nm
Nissan,Leopard,2960,,210,200,8.4,32000,P,5,265,265 Nm
Nissan,Sunny NISMO Edition,1598,,190,200,7.5,24000,P,5,240,240 Nm
Nissan,Paladin,2438,,150,180,10.6,20000,P,5,217,217 Nm
Nissan,Hardbody SUV,2498,,158,175,11,18500,P,5,225,225 Nm
Nissan,Patrol Desert Edition,5552,,428,210,6.5,95000,P,7,560,560 Nm
Nissan,Pathfinder Armada,5552,,400,200,6.5,60000,P,7,560,560 Nm
Nissan,Rogue Midnight Edition,1497,,201,180,8.2,39000,P,5,300,300 Nm
Nissan,GT-R Black Edition,3799,,600,330,2.8,185000,P,2,652,652 Nm
Nissan,Fairlady Z Heritage,2997,,400,250,4.2,48000,P,2,475,475 Nm
Nissan,Skyline GT-R R34,2568,,276,250,5.6,70000,P,4,392,392 Nm
Nissan,Ariya Premiere,,87,389,200,5.1,67000,E,5,600,600 Nm
Nissan,Infiniti QX55*,1997,,268,230,6.5,50000,P,5,380,380 Nm
Nissan,NV350 Caravan,2488,,129,155,12.5,28000,D,8,356,356 Nm
Nissan,Navara,2298,,190,180,10.2,32000,D,5,450,450 Nm
Nissan,Titan XD,5552,,400,195,6.9,55000,P,6,560,560 Nm
Nissan,Evalia,1461,,85,140,15,25000,D,7,200,200 Nm
Nissan,Cabstar,2488,,130,145,14.8,27000,D,3,350,350 Nm
Nissan,Cherry,1397,,67,145,14,14000,P,5,110,110 Nm
Nissan,Laurel,2825,,94,160,12.5,22000,D,5,184,184 Nm
Nissan,Silvia,1998,,247,235,5.9,45000,P,4,275,275 Nm
Nissan,NX Coupe,1998,,140,200,9,22000,P,4,180,180 Nm
Nissan,AD Wagon,1498,,105,165,12.3,16000,P,5,150,150 Nm
Nissan,Patrol Super Safari Y61,4750,,280,190,8.2,58000,P,7,451,451 Nm
Nissan,Pathfinder Rock Creek Edition,3498,,284,195,7.2,44000,P,7,351,351 Nm
Nissan,Terrano II,2664,,125,160,12.9,28000,D,5,278,278 Nm
Nissan,Murano CrossCabriolet,3498,,260,195,7.6,47000,P,4,325,325 Nm
Nissan,X-Trail Tekna,1497,,204,190,8,43000,H,5,305,305 Nm
Nissan,GT-R LM NISMO,3000,,500,320,3,600000,H,2,650,650 Nm
Nissan,Skyline 400R,2997,,400,250,4.5,70000,P,5,475,475 Nm
Nissan,Infiniti G37*,3696,,328,250,5.5,42000,P,5,365,365 Nm
Nissan,Patrol Black Edition,5552,,400,200,6.5,85000,P,7,560,560 Nm
Nissan,Ariya Empower+,,87,389,200,5.1,68000,E,5,600,600 Nm
Nissan,Datsun 510 (Classic),1595,,96,175,10.2,25000,P,4,135,135 Nm
Nissan,200SX,1998,,200,240,7.2,30000,P,4,265,265 Nm
Nissan,300ZX,2960,,300,250,5.9,50000,P,4,384,384 Nm
Nissan,R390 GT1 Road Car,3495,,550,354,3.3,1000000,P,2,637,637 Nm
Nissan,Figaro,987,,76,170,12.8,20000,P,4,103,103 Nm
Nissan,Hardbody Truck,2389,,134,160,10.6,25000,P,5,206,206 Nm
Nissan,Atlas,2999,,130,130,18,35000,D,3,300,300 Nm
Nissan,Clipper,659,,48,110,18.5,10000,P,4,62,62 Nm
Nissan,NV200,1998,,131,140,14,28000,P,7,188,188 Nm
Nissan,Violet,1770,,85,155,13.8,18000,P,5,130,130 Nm
Nissan,Bluebird Z,1998,,140,190,11,23000,P,5,180,180 Nm
Nissan,Stanza Wagon,2389,,138,160,12,22000,P,7,205,205 Nm
Nissan,180SX,1998,,205,240,6.8,35000,P,4,275,275 Nm
Nissan,Sunny California,1597,,110,170,11,18000,P,5,140,140 Nm
Nissan,Patrol Warrior,5552,,428,205,6.3,95000,P,7,580,580 Nm
Nissan,Pathfinder Armada Platinum,5552,,400,190,6.8,70000,P,7,560,560 Nm
Nissan,Rogue Sport SL,1998,,141,190,9,32000,P,5,195,195 Nm
Nissan,X-Trail Platinum Edition,1497,,204,190,8,46000,H,5,305,305 Nm
Nissan,Qashqai e-Power,1497,,187,200,7.5,40000,H,5,330,330 Nm
Nissan,GT-R Egoist,3799,,565,315,2.8,220000,P,2,637,637 Nm
Nissan,Infiniti M45*,4494,,325,250,5.8,50000,P,5,451,451 Nm
Nissan,Skyline 50th Anniversary,2997,,400,250,4.5,75000,P,5,475,475 Nm
Nissan,Ariya Dual Motor AWD,,87,389,200,5.1,70000,E,5,600,600 Nm
Nissan,Patrol Legend Edition,5552,,428,205,6.3,95000,P,7,580,580 Nm
Nissan,Datsun 240Z (Classic),2393,,151,210,8,45000,P,2,198,198 Nm
Nissan,100NX,1597,,110,185,9.6,18000,P,4,135,135 Nm
Nissan,Cedric Special Edition,2960,,250,225,8.5,60000,P,5,330,330 Nm
Nissan,300ZX Turbo,2960,,300,250,5.9,55000,P,4,384,384 Nm
Nissan,Silvia S15 Spec-R,1998,,250,240,5.6,35000,P,4,300,300 Nm
Nissan,NV400,2298,,135,150,15,40000,D,3,360,360 Nm
Nissan,Titan Warrior,5552,,400,180,7,55000,P,5,560,560 Nm
Nissan,Caravan Coach,2498,,127,140,14,30000,D,7,260,260 Nm
Nissan,Serena e-Power,1198,,134,160,12,35000,H,7,320,320 Nm
Nissan,Elgrand,3498,,280,200,8.5,50000,P,7,344,344 Nm
Nissan,Datsun 510,1595,,96,175,10.2,25000,P,4,135,135 Nm
Nissan,Prairie,1998,,120,175,11,18000,P,5,170,170 Nm
Nissan,Pulsar GTI-R,1998,,230,225,6,30000,P,5,280,280 Nm
Nissan,Almera Tino,1769,,114,180,12.5,15000,P,5,160,160 Nm
Nissan,Lucino,1597,,115,185,10.5,12000,P,5,150,150 Nm
Nissan,Rasheen,1497,,105,165,13,10000,P,5,135,135 Nm
Nissan,Mistral,2663,,125,160,12.5,25000,D,7,260,260 Nm
Nissan,Patrol Y60,4169,,155,160,12,45000,D,7,330,330 Nm
Nissan,X-Trail GT,1998,,280,215,6.4,38000,P,5,310,310 Nm
Nissan,Terrano Regulus,3275,,170,175,10,28000,P,5,290,290 Nm
Nissan,President,4494,,280,210,7.5,70000,P,5,400,400 Nm
Nissan,Cima,4130,,270,210,8,60000,P,5,390,390 Nm
Nissan,Leopard J. Ferie,2960,,255,215,6.5,45000,P,5,340,340 Nm
Nissan,Gloria Gran Turismo,2960,,255,220,6.5,50000,P,5,340,340 Nm
Nissan,Infiniti Q45*,4494,,340,240,6.2,50000,P,5,450,450 Nm
Nissan,Datsun 240Z,2393,,151,210,8,45000,P,2,198,198 Nm
Nissan,280ZX,2753,,145,205,9.5,35000,P,2,210,210 Nm
Nissan,Silvia S13,1809,,175,215,6.8,20000,P,4,230,230 Nm
Nissan,200SX,1998,,200,225,7,25000,P,4,260,260 Nm
Nissan,NX Coupe,1839,,140,200,9,18000,P,4,180,180 Nm
Nissan,NV2500,3954,,261,160,10,36000,P,2,385,385 Nm
Nissan,NV3500,5552,,375,170,9,42000,P,2,525,525 Nm
Nissan,NT400 Cabstar,2953,,150,140,15,35000,D,3,350,350 Nm
Porsche,Panamera,2894,,330,270,5.6,88000,P,4,450,450 Nm
Porsche,Panamera 4,2894,,330,270,5.4,92000,P,4,450,450 Nm
Porsche,Panamera 4S,2894,,440,289,4.4,105000,P,4,550,550 Nm
Porsche,Panamera Turbo S,3996,,620,315,3.1,180000,P,4,820,820 Nm
Porsche,Panamera GTS,3996,,473,300,3.9,130000,P,4,620,620 Nm
Porsche,Panamera Platinum Edition,2894,,330,270,5.4,102000,P,4,450,450 Nm
Porsche,Panamera E-Hybrid,,17.9,455,280,4.4,115000,H,4,700,700 Nm
Porsche,Panamera 4 E-Hybrid Sport Turismo,,17.9,455,280,4.4,120000,H,4,700,700 Nm
Porsche,Panamera Turbo S E-Hybrid,,17.9,690,315,3.2,190000,H,4,870,870 Nm
Porsche,Panamera 4 Executive,2894,,330,270,5.6,95000,P,4,450,450 Nm
Porsche,Cayenne,2995,,335,245,5.9,80000,P,5,450,450 Nm
Porsche,Cayenne Coupe,2995,,335,245,6,85000,P,5,450,450 Nm
Porsche,Cayenne S,2894,,434,265,5,95000,P,5,550,550 Nm
Porsche,Cayenne Turbo,3996,,541,286,4,130000,P,5,770,770 Nm
Porsche,Cayenne GTS,3996,,453,270,4.5,110000,P,5,620,620 Nm
Porsche,Cayenne Turbo S E-Hybrid,,17.9,670,295,3.6,170000,H,5,900,900 Nm
Porsche,Macan,1984,,261,232,6.2,60000,P,5,400,400 Nm
Porsche,Macan S,2894,,375,259,4.8,75000,P,5,520,520 Nm
Porsche,Macan GTS,2894,,434,272,4.5,85000,P,5,550,550 Nm
Porsche,Macan T,1984,,261,232,6.2,65000,P,5,400,400 Nm
Porsche,911 Carrera,2981,,379,293,4.2,110000,P,4,450,450 Nm
Porsche,911 Carrera S,2981,,443,308,3.5,131300,P,4,528,528 Nm
Porsche,911 Carrera 4,2981,,379,293,4.2,106500,P,4,450,450 Nm
Porsche,911 Carrera 4S,2981,,443,306,3.4,113300,P,4,528,528 Nm
Porsche,911 Targa 4,2981,,379,289,4.4,121300,P,4,450,450 Nm
Porsche,911 Turbo,3745,,572,320,2.7,197200,P,4,750,750 Nm
Porsche,911 Turbo S,3745,,640,330,2.6,230400,P,4,800,800 Nm
Porsche,911 GT3,3996,,502,318,3.4,161100,P,2,469,469 Nm
Porsche,911 GT3 RS,3996,,518,296,3.2,241300,P,2,465,465 Nm
Porsche,911 Dakar,2981,,473,240,3.4,222000,P,2,570,570 Nm
Porsche,Taycan,,79.2,402,230,5.4,86700,E,4,344,344 Nm
Porsche,Taycan 4S,,79.2,522,250,4,103800,E,4,640,640 Nm
Porsche,Taycan Turbo,,93.4,670,260,3.2,150900,E,4,850,850 Nm
Porsche,Taycan Turbo S,,93.4,750,260,2.8,185000,E,4,1050,1050 Nm
Porsche,Taycan GTS,,93.4,590,250,3.5,132750,E,4,850,850 Nm
Porsche,Taycan Cross Turismo,,93.4,469,220,4.8,97700,E,5,500,500 Nm
Porsche,Taycan Sport Turismo,,79.2,509,240,4.1,104000,E,5,650,650 Nm
Porsche,718 Cayman,1988,,300,275,4.9,63400,P,2,380,380 Nm
Porsche,718 Cayman S,2497,,350,285,4.4,75400,P,2,420,420 Nm
Porsche,718 Cayman GT4,3995,,414,302,4.2,100200,P,2,420,420 Nm
Porsche,718 Cayman GT4 RS,3996,,493,315,3.2,141700,P,2,450,450 Nm
Porsche,718 Boxster,1988,,300,275,4.9,65500,P,2,380,380 Nm
Porsche,718 Boxster T,1988,,300,275,4.7,69600,P,2,380,380 Nm
Porsche,718 Boxster GTS,3995,,394,293,4.3,90300,P,2,430,430 Nm
Porsche,718 Spyder,3995,,414,301,4.1,98300,P,2,420,420 Nm
Porsche,Panamera Base,2894,,325,265,5.6,92300,P,4,450,450 Nm
Porsche,Panamera 4 E-Hybrid,2894,,462,280,4.4,113300,H,4,700,700 Nm
Porsche,Panamera 4 Sport Turismo,2894,,325,265,5.5,101400,P,4,450,450 Nm
Porsche,Panamera Turbo S E-Hybrid Sport Turismo,3996,,690,315,3.2,200200,H,4,870,870 Nm
Porsche,Panamera 4S E-Hybrid Executive,2894,,560,295,3.7,128900,H,4,750,750 Nm
Porsche,Panamera Platinum Edition,2894,,325,265,5.6,98300,P,4,450,450 Nm
Porsche,Panamera GTS Sport Turismo,3996,,473,300,3.9,136900,P,4,620,620 Nm
Porsche,Panamera Turbo Executive,3996,,550,306,3.8,175200,P,4,770,770 Nm
Porsche,Panamera Turbo S Exclusive Series,3996,,570,310,3.8,290000,P,4,800,800 Nm
Porsche,Panamera 4S,2894,,443,289,4.1,105000,P,4,550,550 Nm
Porsche,Macan Base,1984,,265,232,6.4,58000,P,5,400,400 Nm
Porsche,Macan T,1984,,265,233,6.2,63000,P,5,400,400 Nm
Porsche,Macan S,2894,,375,259,4.6,70400,P,5,520,520 Nm
Porsche,Macan GTS,2894,,434,272,4.3,82900,P,5,550,550 Nm
Porsche,Macan EV,,95,603,240,4,85000,E,5,750,750 Nm
Porsche,Cayenne Base,2995,,335,245,5.9,72200,P,5,450,450 Nm
Porsche,Cayenne E-Hybrid,2995,,455,253,4.8,91000,H,5,700,700 Nm
Porsche,Cayenne S Coupe,2894,,434,263,4.7,94300,P,4,550,550 Nm
Porsche,Cayenne Turbo GT,3996,,631,300,3.3,182150,P,4,850,850 Nm
Porsche,Cayenne Platinum Edition,2995,,335,245,5.8,79000,P,5,450,450 Nm
Porsche,Cayenne Turbo S E-Hybrid Coupe,3996,,670,295,3.6,167800,H,4,900,900 Nm
Porsche,Cayenne GTS Coupe,3996,,453,270,4.5,111200,P,4,620,620 Nm
Porsche,Cayenne Diesel (Regional Markets),2967,,262,221,7.3,69000,D,5,580,580 Nm
Porsche,Cayenne S Hybrid,2995,,380,242,6.5,85500,H,5,580,580 Nm
Porsche,Cayenne Coupe Turbo E-Hybrid,3996,,728,295,3.6,182900,H,4,950,950 Nm
Porsche,Taycan Base,,79.2,321,230,5.4,86700,E,4,345,345 Nm
Cadillac,CT4,2000,,237,250,6,34395,P,5,350,350 Nm
Cadillac,CT4-V,2700,,325,260,4.9,46595,P,5,500,500 Nm
Cadillac,CT5,2000,,237,240,6.6,38195,P,5,350,350 Nm
Cadillac,CT5-V,3000,,360,250,4.6,50995,P,5,550,550 Nm
Porsche,Taycan Cross Turismo 4,,93.4,375,240,5.1,94800,E,4,500,500 Nm
Porsche,Taycan Cross Turismo GTS,,93.4,590,250,3.8,139400,E,4,620,620 Nm
Porsche,Taycan Sport Turismo Base,,79.2,375,230,5.4,90500,E,4,500,500 Nm
Porsche,Taycan Sport Turismo GTS,,93.4,590,250,3.7,136700,E,4,620,620 Nm
Porsche,Taycan Turbo S Cross Turismo,,93.4,750,260,2.9,190000,E,4,1050,1050 Nm
Porsche,911 Carrera Base,2981,,379,293,4.2,106100,P,4,450,450 Nm
Porsche,911 Carrera S Cabriolet,2981,,443,304,3.9,129900,P,4,530,530 Nm
Porsche,911 Carrera 4,2981,,379,293,4.4,113300,P,4,450,450 Nm
Porsche,911 Carrera 4 GTS,2981,,473,311,3.3,137000,P,4,570,570 Nm
Porsche,911 Targa 4 GTS,2981,,473,307,3.5,157300,P,4,570,570 Nm
Porsche,911 Turbo Cabriolet,3745,,572,320,2.9,184100,P,4,750,750 Nm
Porsche,911 Turbo S Coupe,3745,,640,330,2.7,207000,P,4,800,800 Nm
Porsche,911 GT3 Touring,3996,,502,318,3.9,170000,P,2,470,470 Nm
Porsche,911 GT3 RS Clubsport,3996,,525,296,3.2,223800,P,2,465,465 Nm
Porsche,911 Dakar Limited Edition,2981,,473,240,3.4,222000,P,4,570,570 Nm
Porsche,911 Carrera GTS Lightweight,2981,,473,311,3.2,145300,P,4,570,570 Nm
Porsche,911 Targa 4 Lightweight,2981,,379,289,4.3,135500,P,4,450,450 Nm
Porsche,911 Turbo Exclusive Series,3745,,607,330,2.9,258000,P,4,750,750 Nm
Porsche,911 GT2 RS,3745,,700,340,2.8,293200,P,2,750,750 Nm
Porsche,911 GT3 Cup,3996,,510,290,3.4,245000,P,1,470,470 Nm
Porsche,911 GT4 RS,3996,,500,315,3.4,222000,P,2,450,450 Nm
Porsche,911 RSR (Motorsport Edition),4194,,515,296,3.1,750000,P,1,480,480 Nm
Porsche,911 Sport Turismo,2981,,379,293,4.4,116000,P,4,450,450 Nm
Porsche,911 Turbo Cabriolet Lightweight,3745,,572,318,3,191300,P,4,750,750 Nm
Porsche,911 Dakar Sport,2981,,473,240,3.5,233000,P,4,570,570 Nm
Tata Motors,Tiago,1199,,86,170,13,8200,P,5,113,113 Nm
Tata Motors,Tiago EV,,24,74,120,5.7,11000,E,5,114,114 Nm
Tata Motors,Altroz,1348,,88,170,12,10400,P,5,373,113-200 Nm
Tata Motors,Altroz DCA,1199,,86,170,12.5,11300,P,5,113,113 Nm
Tata Motors,Altroz iTurbo,1199,,110,180,10,12000,P,5,140,140 Nm
Tata Motors,Altroz CNG,1199,,86,165,12,11800,P,5,113,113 Nm
Tata Motors,Tiago NRG,1199,,86,170,13.5,9200,P,5,113,113 Nm
Tata Motors,Nano GenX,624,,37,105,29,4000,P,4,51,51 Nm
Tata Motors,Indica eV2,1396,,70,155,16,6200,D,5,140,140 Nm
Tata Motors,Indica V2 Xeta,1193,,65,140,16,5000,P,5,100,100 Nm
Tata Motors,Tigor,1199,,86,170,13,9400,P,5,113,113 Nm
Tata Motors,Tigor EV,,26,74,120,5.7,14500,E,5,114,114 Nm
Tata Motors,Zest,1223.5,,82,165,15,8700,P,5,373,190 Nm / 140 Nm
Tata Motors,Indigo eCS,1396,,70,155,16.5,6500,D,5,140,140 Nm
Cadillac,Escalade,6200,,420,210,6.8,79295,P,7,624,624 Nm
Tata Motors,Indigo Marina,1396,,78,150,17,8300,P,5,373,135 Nm / 115 Nm
Tata Motors,Manza,1308,,82,160,14,9000,P,5,373,200 Nm / 115 Nm
Tata Motors,Indigo LX,1396,,70,150,17,7000,D,5,140,140 Nm
Tata Motors,Indigo GLX,1396,,85,160,15,7200,P,5,115,115 Nm
Cadillac,Escalade ESV,6200,,420,205,6.9,82295,P,7,624,624 Nm
Tata Motors,Nexon,1348,,114,180,10,14000,P,5,373,170-260 Nm
Tata Motors,Nexon EV Max,,40.5,143,140,9,25000,E,5,250,250 Nm
Tata Motors,Harrier,1956,,168,180,11,23000,D,5,350,350 Nm
Tata Motors,Safari,1956,,168,180,11,25500,D,7,350,350 Nm
Tata Motors,Punch,1199,,86,160,16,10500,P,5,113,113 Nm
Tata Motors,Hexa,2179,,154,180,12,20000,D,7,400,400 Nm
Tata Motors,Aria,2179,,138,162,13,19000,D,7,320,320 Nm
Tata Motors,Sumo Gold,2956,,85,125,17.6,15000,D,7,250,250 Nm
Tata Motors,Sumo Grande,2179,,118,140,15,16500,D,7,250,250 Nm
Tata Motors,Nexon EV Prime,,30.2,129,120,9.4,22000,E,5,245,245 Nm
Tata Motors,Tiago EV,,24,74,120,5.7,11000,E,5,114,114 Nm
Tesla,Model S,,100,670,250,3.1,88490,E,5,967,967 Nm
Tesla,Model S Plaid,,100,1020,322,2.1,108490,E,5,1400,"1,400 Nm"
Tesla,Model 3,,60,283,225,5.8,40240,E,5,420,420 Nm
Tesla,Model 3 Performance,,82,450,261,3.1,53240,E,5,660,660 Nm
Tesla,Model X,,100,670,250,3.8,98490,E,7,967,967 Nm
Tesla,Model X Plaid,,100,1020,262,2.6,113490,E,6,1400,"1,400 Nm"
Tesla,Model Y,,75,346,217,5,47490,E,5,498,498 Nm
Tesla,Model Y Long Range,,82,384,217,4.8,50490,E,5,559,559 Nm
Tesla,Cybertruck,,200,800,209,2.9,69900,E,6,1355,"1,355 Nm"
Tesla,Roadster 2,,200,1288,402,1.9,200000,E,4,10000,"10,000 Nm"
Jeep,Wrangler,3600,,285,180,6.8,35195,P,4,353,353 Nm
Jeep,Wrangler Rubicon,2000,,270,180,7.1,42100,P,4,400,400 Nm
Jeep,Grand Cherokee,3600,,293,209,7,41530,P,5,352,352 Nm
Jeep,Grand Cherokee L,3600,,293,209,7.2,43530,P,7,352,352 Nm
Jeep,Cherokee,2400,,180,195,8.5,37695,P,5,230,230 Nm
Jeep,Compass,2000,,200,200,7.8,31590,P,5,320,320 Nm
Jeep,Renegade,1300,,177,200,8.7,28345,P,5,285,285 Nm
Jeep,Gladiator,3600,,285,177,8.1,38775,P,5,353,353 Nm
Jeep,Wagoneer,5700,,392,190,7.4,63595,P,8,548,548 Nm
Jeep,Grand Wagoneer,6400,,471,190,6,91495,P,8,617,617 Nm
Jeep,Grand Cherokee 4xe,,17.3,375,210,6,59865,H,5,637,637 Nm
Jeep,Wrangler 4xe,,17.3,375,180,6.4,50695,H,5,637,637 Nm
Jeep,Compass 4xe,,11.4,240,200,7.3,46500,H,5,270,270 Nm
Jeep,Renegade 4xe,,11.4,240,200,7.5,44500,H,5,270,270 Nm
Mazda,Mazda2,1500,,108,180,10.2,18500,P,5,142,142 Nm
Jeep,Wagoneer S (Electric),,100,600,177,4.5,80000,E,5,850,850 Nm
Jeep,Gladiator Mojave Edition,3600,,285,177,8.6,51570,P,5,353,353 Nm
Jeep,Grand Cherokee Summit Reserve,5700,,357,190,7.3,66575,P,5,529,529 Nm
Jeep,Jeep Cherokee X Edition,3200,,271,195,7.6,41295,P,5,324,324 Nm
Jeep,Wrangler 392,6400,,470,160,4.5,82495,P,4,637,637 Nm
Cadillac,XT4,2000,,235,220,7.6,37490,P,5,350,350 Nm
Cadillac,XT5,3600,,310,210,6.5,44195,P,5,366,366 Nm
Cadillac,XT6,3600,,310,210,6.9,48595,P,7,366,366 Nm
Cadillac,Lyriq EV,,100,340,190,5.7,58590,E,5,440,440 Nm
Cadillac,Escalade V,6200,,682,200,4.4,149990,P,7,885,885 Nm
Cadillac,Escalade Platinum,6200,,420,210,6.8,104595,P,7,624,624 Nm
Cadillac,CT5-V Blackwing,6200,,668,320,3.4,92000,P,5,893,893 Nm
Cadillac,CT4-V Blackwing,3600,,472,290,3.9,60495,P,5,603,603 Nm
Cadillac,XT4 Sport,2000,,235,220,7.4,41390,P,5,350,350 Nm
Cadillac,XT5 Sport,3600,,310,210,6.5,51095,P,5,366,366 Nm
Cadillac,XT6 Sport,3600,,310,210,6.9,57095,P,7,366,366 Nm
Cadillac,Lyriq Launch Edition,,100,340,190,5.7,59990,E,5,440,440 Nm
Cadillac,Lyriq EV Premium,,100,500,210,4.5,64990,E,5,620,620 Nm
Cadillac,CT5 Premium Luxury,2000,,237,240,6.8,41290,P,5,350,350 Nm
Chevrolet,Spark,1400,,98,180,10.7,14595,P,5,127,127 Nm
Chevrolet,Sonic,1400,,138,190,8.5,16720,P,5,200,200 Nm
Chevrolet,Malibu,1500,,160,210,8,25000,P,5,250,250 Nm
Chevrolet,Camaro,2000,,275,240,5.4,26400,P,4,400,400 Nm
Chevrolet,Corvette,6200,,495,312,3,65895,P,2,637,637 Nm
Chevrolet,Traverse,3600,,310,210,7,35915,P,7,360,360 Nm
Chevrolet,Equinox,1500,,170,200,8.9,26600,P,5,275,275 Nm
Chevrolet,Blazer,3600,,308,220,6.6,44000,P,5,366,366 Nm
Chevrolet,Tahoe,5300,,355,200,7.5,56995,P,7,519,519 Nm
Chevrolet,Suburban,5300,,355,190,7.6,59900,P,8,519,519 Nm
Chevrolet,Colorado,2700,,310,190,6.8,30695,P,5,583,583 Nm
Chevrolet,Silverado 1500,5300,,355,180,7,42795,P,6,519,519 Nm
Chevrolet,Silverado 2500HD,6600,,401,170,8,41500,P,6,629,629 Nm
Chevrolet,Silverado 3500HD,6600,,445,160,8.5,45500,D,6,1234,1234 Nm
Chevrolet,Bolt EV,,66,200,150,6.5,27495,E,5,360,360 Nm
Chevrolet,Bolt EUV,,66,200,150,7,28795,E,5,360,360 Nm
Chevrolet,Trailblazer,1300,,155,200,9.4,23100,P,5,236,236 Nm
Chevrolet,Malibu Premier,2000,,250,240,5.8,33500,P,5,353,353 Nm
Chevrolet,Camaro ZL1,6200,,650,318,3.5,67300,P,4,881,881 Nm
Chevrolet,Corvette Stingray,6200,,495,312,3,65895,P,2,637,637 Nm
Chevrolet,Silverado 1500 High Country,5300,,355,180,7,61595,P,6,519,519 Nm
Chevrolet,Silverado 1500 Trail Boss,5300,,355,180,7,55895,P,6,519,519 Nm
Chevrolet,Silverado 1500 RST,5300,,355,180,7.1,50895,P,6,519,519 Nm
Chevrolet,Colorado ZR2,2800,,181,160,9.1,48295,D,5,500,500 Nm
Chevrolet,Traverse Premier,3600,,310,210,7,46600,P,7,360,360 Nm
Chevrolet,Equinox Premier,1500,,170,200,8.8,33400,P,5,275,275 Nm
Chevrolet,Blazer RS,3600,,308,220,6.6,48900,P,5,366,366 Nm
Chevrolet,Bolt EV 2LT,,66,200,150,6.7,28795,E,5,360,360 Nm
Chevrolet,Camaro SS,6200,,455,290,4.3,43500,P,4,617,617 Nm
Chevrolet,Corvette Grand Sport,6200,,460,290,3.9,65900,P,2,630,630 Nm
Chevrolet,Traverse RS,3600,,310,210,7,43700,P,7,360,360 Nm
Chevrolet,Blazer Premier,3600,,308,220,6.6,45000,P,5,366,366 Nm
Chevrolet,Malibu LT,1500,,160,210,8.5,25800,P,5,250,250 Nm
Chevrolet,Spark Activ,1400,,98,180,11,17595,P,5,127,127 Nm
Chevrolet,Trax LT,1200,,137,200,9.2,24100,P,5,220,220 Nm
Chevrolet,Equinox LT,1500,,170,200,8.9,28400,P,5,275,275 Nm
Chevrolet,Silverado 3500HD High Country,6600,,445,160,8.5,75700,D,6,1234,1234 Nm
Chevrolet,Colorado WT,2700,,310,190,6.9,29200,P,5,583,583 Nm
Chevrolet,Suburban High Country,6200,,420,200,7,82400,P,8,624,624 Nm
Chevrolet,Silverado Custom,4300,,285,180,8.5,33900,P,6,413,413 Nm
Chevrolet,Spark LS,1400,,98,180,10.9,14395,P,5,127,127 Nm
Chevrolet,Traverse LT,3600,,310,210,7.1,37200,P,7,360,360 Nm
Chevrolet,Blazer LT,2500,,193,200,9,36100,P,5,255,255 Nm
Chevrolet,Malibu Premier,2000,,250,240,5.8,34500,P,5,353,353 Nm
Chevrolet,Equinox RS,1500,,170,200,8.8,31900,P,5,275,275 Nm
Chevrolet,Silverado 1500 Custom,4300,,285,180,8.6,34900,P,6,413,413 Nm
Chevrolet,Silverado 2500HD LTZ,6600,,445,160,8.4,56400,D,6,1234,1234 Nm
Chevrolet,Tahoe RST,5300,,355,180,7.4,64100,P,7,519,519 Nm
Chevrolet,Suburban LT,5300,,355,180,5.1,64400,P,8,519,519 Nm
Chevrolet,Bolt EV Premier,,66,200,150,6.5,31700,E,5,360,360 Nm
Chevrolet,Tahoe LS,5300,,355,180,7.5,56995,P,8,519,519 Nm
Chevrolet,Tahoe LT,5300,,355,180,7.4,62495,P,8,519,519 Nm
Chevrolet,Tahoe RST,5300,,355,180,7.4,64100,P,7,519,519 Nm
Chevrolet,Tahoe Z71,5300,,355,180,7.6,66700,P,7,519,519 Nm
Chevrolet,Tahoe Premier,6200,,420,200,6.8,71600,P,7,624,624 Nm
Chevrolet,Tahoe High Country,6200,,420,200,6.7,76700,P,7,624,624 Nm
Chevrolet,Tahoe Midnight Edition,5300,,355,180,7.5,65500,P,8,519,519 Nm
Chevrolet,Tahoe Sport Edition,6200,,420,200,6.8,70000,P,7,624,624 Nm
GMC,Terrain,1500,,175,190,9.5,29900,P,5,275,275 Nm
GMC,Acadia,2000,,228,200,7.8,36800,P,7,350,350 Nm
GMC,Yukon,5300,,355,180,7.4,57400,P,8,519,519 Nm
GMC,Yukon XL,6200,,420,200,6.9,61100,P,8,624,624 Nm
GMC,Canyon,2700,,310,190,7.6,36900,P,5,583,583 Nm
GMC,Sierra 1500,5300,,355,180,7.3,37100,P,6,519,519 Nm
GMC,Sierra 2500HD,6600,,401,175,7.5,43900,D,6,629,629 Nm
GMC,Sierra 3500HD,6600,,445,175,7.4,49000,D,6,1234,1234 Nm
GMC,Hummer EV Pickup,,212,625,170,3,108700,E,5,373,1000+ Nm
GMC,Hummer EV SUV,,212,625,170,3.5,105600,E,5,373,1000+ Nm
GMC,Yukon Denali,6200,,420,200,6.8,72800,P,8,624,624 Nm
GMC,Sierra Denali,6200,,420,190,6.7,66800,P,6,624,624 Nm
GMC,Terrain AT4,1500,,175,190,9.6,36500,P,5,275,275 Nm
GMC,Acadia AT4,3600,,310,210,7.6,41400,P,6,366,366 Nm
GMC,Sierra 1500 AT4,5300,,355,180,7.4,53800,P,6,519,519 Nm
GMC,Sierra 2500HD Denali,6600,,401,175,7.5,72200,D,6,1234,1234 Nm
GMC,Sierra Elevation,2700,,310,190,7.6,45000,P,5,583,583 Nm
GMC,Canyon AT4,2700,,310,190,7.5,43900,P,5,583,583 Nm
GMC,Canyon Denali,2700,,310,190,7.5,48000,P,5,583,583 Nm
GMC,Yukon XL Denali Ultimate,6200,,420,200,6.7,93800,P,8,624,624 Nm
GMC,Terrain Denali,1500,,175,190,9.5,38600,P,5,275,275 Nm
GMC,Acadia Denali,3564,,310,210,6.5,54300,P,7,366,366 Nm
GMC,Yukon AT4,5327,,355,210,7.1,71505,P,8,519,519 Nm
GMC,Yukon XL AT4,5327,,355,210,7.3,73305,P,8,519,519 Nm
GMC,Sierra 1500 Elevation,2713,,310,180,7,52000,P,5,569,569 Nm
GMC,Sierra 1500 SLT,5327,,355,180,6.8,56000,P,5,519,519 Nm
GMC,Sierra 2500HD AT4,6600,,401,170,7.5,70000,P,5,629,629 Nm
GMC,Sierra 3500HD AT4,6600,,401,170,7.7,72000,P,5,629,629 Nm
GMC,Canyon Elevation,2488,,200,175,8.5,36300,P,5,259,259 Nm
GMC,Canyon Denali Black Edition,3564,,308,180,6.9,44000,P,5,373,373 Nm
GMC,Sierra 1500 Denali Ultimate,6162,,420,200,5.8,80000,P,5,624,624 Nm
GMC,Yukon XL Denali Reserve,6162,,420,210,6,82000,P,7,624,624 Nm
GMC,Terrain Elevation Edition,1490,,170,200,9.3,28700,P,5,275,275 Nm
GMC,Acadia Black Edition,3564,,310,210,6.5,45000,P,7,366,366 Nm
GMC,Hummer EV SUV Edition 1,,200,830,170,3.5,96550,E,5,15590,"15,590 Nm"
GMC,Hummer EV Pickup Edition 1,,200,1000,170,3,96550,E,5,15590,"15,590 Nm"
GMC,Sierra Denali CarbonPro,6162,,420,200,5.8,65000,P,5,624,624 Nm
GMC,Yukon Denali Performance,6162,,420,210,6,76805,P,8,624,624 Nm
GMC,Sierra 2500HD Denali Black Edition,6600,,401,170,7.5,75000,P,5,629,629 Nm
GMC,Canyon AT4X,3564,,308,180,6.9,50000,P,5,373,373 Nm
GMC,Yukon XL SLT,5327,,355,210,7.3,65000,P,8,519,519 Nm
GMC,Sierra 1500 Pro,4300,,285,180,7.5,37700,P,3,413,413 Nm
GMC,Sierra 2500HD Pro,6600,,401,170,7.7,60000,P,3,629,629 Nm
GMC,Sierra 3500HD Pro,6600,,401,170,7.8,62000,P,3,629,629 Nm
GMC,Terrain SLT,1490,,170,200,9.4,31000,P,5,275,275 Nm
GMC,Acadia SLE,3564,,310,210,6.6,40000,P,7,366,366 Nm
GMC,Canyon SLT,2488,,200,175,8.6,38000,P,5,259,259 Nm
GMC,Yukon XL Elevation,5327,,355,210,7.4,75000,P,8,519,519 Nm
GMC,Sierra 1500 AT4X,6162,,420,200,5.9,82000,P,5,624,624 Nm
GMC,Hummer EV SUV Extreme Off-Road,,200,830,170,3.6,110000,E,5,15590,"15,590 Nm"
GMC,Sierra EV Denali,,200,754,170,4.5,108700,E,5,1064,"1,064 Nm"
GMC,Hummer EV Omega Edition,,200,1000,170,3,112700,E,5,15590,"15,590 Nm"
GMC,Canyon AT4X Edition 1,3564,,308,180,6.8,55000,P,5,373,373 Nm
GMC,Yukon Denali Ultimate Black,6162,,420,210,6,90000,P,8,624,624 Nm
GMC,Sierra HD Denali Reserve,6600,,401,170,7.5,85000,P,5,629,629 Nm
GMC,Acadia Denali Ultimate,3564,,310,210,6.5,60000,P,7,366,366 Nm
GMC,Terrain All-Terrain Edition,1490,,170,200,9.3,35000,P,5,275,275 Nm
GMC,Yukon Trailering Edition,5327,,355,210,7.5,78000,P,8,519,519 Nm
GMC,Hummer EV Adventure Series,,200,830,170,3.6,105000,E,5,15590,"15,590 Nm"
Kia,Rio,1591,,120,180,10.3,17000,P,5,151,151 Nm
Kia,Rio 5-Door,1591,,120,180,10.3,18000,P,5,151,151 Nm
Kia,Seltos Nightfall Edition,1591,,175,210,7.5,28000,P,5,264,264 Nm
Peugeot,508 PSE (Peugeot Sport Engineered),1599,,360,250,5.2,55000,H,5,520,520 Nm
Kia,Sorento X-Line,2500,,277,220,7,42000,P,7,421,421 Nm
Kia,Telluride SX,3778,,291,240,7,50000,P,7,355,355 Nm
Kia,Forte LXS,1999,,147,190,9.2,19000,P,5,179,179 Nm
Kia,K5 EX,1591,,180,220,7.8,28500,P,5,264,264 Nm
Kia,Niro Plug-In Hybrid,1591,,139,180,10.5,33000,H,5,265,265 Nm
Kia,EV6 Wind,,77.4,225,190,5.2,50000,E,5,350,350 Nm
Kia,Soul Turbo,1591,,201,200,6.5,28000,P,5,264,264 Nm
Kia,Seltos SX,1591,,175,210,7.5,28500,P,5,264,264 Nm
Kia,Stinger Scorpion Edition,2500,,300,270,5,55000,P,5,422,422 Nm
Kia,Sorento Hybrid SX Prestige,1591,,227,200,7.9,47000,H,7,352,352 Nm
Kia,Carnival EX,3500,,290,220,8,42500,P,8,355,355 Nm
Kia,Telluride Nightfall Edition,3778,,291,240,7,51000,P,7,355,355 Nm
Peugeot,508 Plug-In Hybrid,1598,,225,210,7.5,44000,H,5,360,360 Nm
Kia,EV6 First Edition,,77.4,320,230,5,58000,E,5,450,450 Nm
Kia,Niro Touring,1591,,139,180,10.5,33000,H,5,265,265 Nm
Kia,Forte GT-Line,1591,,201,200,6.5,25000,P,5,264,264 Nm
Kia,Seltos EX,1999,,146,190,9,23500,P,5,179,179 Nm
Peugeot,3008 Plug-In Hybrid,1598,,225,210,7,42000,H,5,360,360 Nm
Kia,Sorento LX,2500,,191,210,8.5,35500,P,7,246,246 Nm
Kia,Telluride EX,3778,,291,240,7,44000,P,7,355,355 Nm
Kia,Soul EX,1999,,147,190,9.5,22000,P,5,179,179 Nm
Kia,Forte FE,1999,,147,190,9.2,18500,P,5,179,179 Nm
Kia,K5 GT-Line,1591,,180,220,7.8,29000,P,5,264,264 Nm
Kia,Carnival LXS,3500,,290,220,8,39500,P,8,355,355 Nm
Kia,EV6 Light,,77.4,225,190,5.2,46000,E,5,350,350 Nm
Kia,Niro EX,1591,,139,180,10.5,30000,H,5,265,265 Nm
Kia,Stinger GT,3300,,365,270,4.7,51500,P,5,510,510 Nm
Kia,Sorento SX Prestige,1591,,227,200,7.9,48000,H,7,352,352 Nm
Kia,Telluride SX Prestige,3778,,291,240,7,52000,P,7,355,355 Nm
Peugeot,508 Hybrid4,1598,,300,235,6,47000,H,5,520,520 Nm
Kia,EV6 GT Performance,,77.4,577,260,3.5,65000,E,5,740,740 Nm
Kia,Niro SX Touring,1591,,139,180,10.5,34500,H,5,265,265 Nm
Kia,Carnival SX Prestige,3500,,290,220,8,47000,P,8,355,355 Nm
Kia,Seltos SX Turbo,1591,,175,210,7.5,32000,P,5,264,264 Nm
Kia,Forte EX Premium,1999,,147,190,9.2,22500,P,5,179,179 Nm
Kia,Soul EX Designer Edition,1999,,147,190,9.5,23500,P,5,179,179 Nm
Kia,Rio S,1591,,120,180,10.3,17500,P,5,151,151 Nm
Kia,Rio 5-Door S,1591,,120,180,10.3,18000,P,5,151,151 Nm
Kia,Soul S,1999,,147,190,9.5,20500,P,5,179,179 Nm
Kia,Seltos LX,1999,,146,190,9.2,23000,P,5,179,179 Nm
Peugeot,3008 Hybrid4,1599,,300,235,6,45000,H,5,520,520 Nm
Kia,Sorento Hybrid EX,1591,,227,200,7.9,47000,H,7,352,352 Nm
Kia,Telluride LX,3778,,291,240,7,41500,P,7,355,355 Nm
Kia,Carnival MPV EX,3500,,290,220,8,43500,P,8,355,355 Nm
Kia,EV6 AWD GT-Line,,77.4,320,230,5,60000,E,5,450,450 Nm
Kia,Forte GT Turbo,1591,,201,200,6.5,25500,P,5,264,264 Nm
Kia,Soul GT Designer Edition,1999,,147,190,9.5,23000,P,5,179,179 Nm
Kia,Seltos X-Line Turbo,1591,,175,210,7.5,30000,P,5,264,264 Nm
Peugeot,e-2008 GT,,50,136,200,8.5,40000,E,5,260,260 Nm
Kia,Telluride Limited Edition,3778,,291,240,7,53000,P,7,355,355 Nm
Kia,Stinger GT-Line,2500,,300,270,5,50000,P,5,422,422 Nm
Kia,Carnival Special Edition,3500,,290,220,8,45500,P,8,355,355 Nm
Kia,Niro SX Hybrid,1591,,139,180,10.5,36000,H,5,265,265 Nm
Kia,EV6 First Edition AWD,,77.4,320,230,5,62000,E,5,450,450 Nm
Kia,Sorento X-Pro Hybrid,1591,,227,200,7.8,49000,H,7,352,352 Nm
Kia,Forte Limited Edition,1999,,147,190,9.2,22500,P,5,179,179 Nm
Bugatti,Chiron,7993,,1500,420,2.5,3000000,P,2,1600,1600 Nm
Bugatti,Chiron Pur Sport,7993,,1500,350,2.3,3300000,P,2,1600,1600 Nm
Bugatti,Chiron Super Sport,7993,,1600,490,2.4,3500000,P,2,1600,1600 Nm
Bugatti,Chiron Sport,7993,,1500,420,2.4,3300000,P,2,1600,1600 Nm
Bugatti,Chiron Noire,7993,,1500,420,2.5,3300000,P,2,1600,1600 Nm
Bugatti,Divo,7993,,1500,380,2.4,5800000,P,2,1600,1600 Nm
Bugatti,Centodieci,7993,,1600,380,2.4,9000000,P,2,1600,1600 Nm
Bugatti,La Voiture Noire,7993,,1500,420,2.5,18000000,P,2,1600,1600 Nm
Bugatti,Bolide,7993,,1850,500,2.2,4500000,P,2,1600,1600 Nm
Bugatti,Mistral,7993,,1600,420,2.4,5000000,P,2,1600,1600 Nm
Volvo,Volvo FH,13000,,540,120,15,120000,D,2,2600,2600 Nm
Volvo,Volvo FH16,16100,,750,120,14.5,160000,D,2,3500,3500 Nm
Volvo,Volvo FM,12800,,460,110,16,100000,D,2,2200,2200 Nm
Volvo,Volvo FMX,13000,,500,110,16.5,110000,D,2,2500,2500 Nm
Volvo,Volvo VNL,12800,,500,120,15,125000,D,2,2400,2400 Nm
Volvo,Volvo VNR,12800,,400,110,17,95000,D,2,1800,1800 Nm
Volvo,Volvo VHD,12800,,500,100,18,120000,D,2,2500,2500 Nm
Volvo,Volvo FE,7700,,280,90,20,85000,D,2,1200,1200 Nm
Volvo,Volvo FL,5100,,180,80,22,75000,D,2,800,800 Nm
Jaguar Land Rover,Jaguar F-Type,2995,,335,260,5.1,70000,P,2,450,450 Nm
Jaguar Land Rover,Jaguar XE,1999,,250,250,6.5,45000,P,5,365,365 Nm
Jaguar Land Rover,Jaguar XF,1999,,250,250,6.5,50000,P,5,365,365 Nm
Jaguar Land Rover,Jaguar XJ,2995,,300,250,6,85000,P,5,400,400 Nm
Jaguar Land Rover,Jaguar E-PACE,1999,,200,230,7,50000,P,5,430,430 Nm
Jaguar Land Rover,Jaguar I-PACE,,90,400,200,4.8,70000,E,5,696,696 Nm
Jaguar Land Rover,Jaguar F-PACE,2497,,295,230,6.3,60000,P,5,373,365 Nm / 480 Nm
Jaguar Land Rover,Jaguar X-TYPE,1998,,160,215,9,40000,P,5,215,215 Nm
Jaguar Land Rover,Jaguar F-PACE R-Dynamic,2497,,340,250,5.4,65000,P,5,480,480 Nm
Jaguar Land Rover,Jaguar XE R-Dynamic,1999,,340,250,5.4,60000,P,5,450,450 Nm
Jaguar Land Rover,Jaguar F-Type SVR,5000,,575,320,3.7,120000,P,2,700,700 Nm
Jaguar Land Rover,Jaguar I-PACE Electric Performance,,90,400,200,4.5,85000,E,5,696,696 Nm
Jaguar Land Rover,Jaguar F-PACE SVR,5000,,550,283,4,85000,P,5,700,700 Nm
Jaguar Land Rover,Jaguar XE S,1999,,340,250,5.3,55000,P,5,450,450 Nm
Jaguar Land Rover,Jaguar XF R-Dynamic,2497,,340,250,5.4,65000,P,5,480,480 Nm
Jaguar Land Rover,Jaguar XJ LWB (Long Wheelbase),2995,,300,250,6,90000,P,5,400,400 Nm
Jaguar Land Rover,Jaguar F-Type Heritage Edition,5000,,550,300,3.9,110000,P,2,680,680 Nm
Jaguar Land Rover,Jaguar E-PACE S,1999,,200,230,7,50000,P,5,430,430 Nm
Jaguar Land Rover,Jaguar I-PACE HSE,,90,400,200,4.5,90000,E,5,696,696 Nm
Jaguar Land Rover,Jaguar F-Type V8 R,5000,,550,300,3.9,100000,P,2,680,680 Nm
Jaguar Land Rover,Jaguar F-Type R-Dynamic,2497,,300,250,5.1,70000,P,2,400,400 Nm
Jaguar Land Rover,Jaguar XE P300 R-Dynamic,1999,,300,250,5.5,55000,P,5,400,400 Nm
Jaguar Land Rover,Jaguar XF Sportbrake,2497,,250,250,6.5,60000,P,5,400,400 Nm
Jaguar Land Rover,Jaguar I-PACE EV400 HSE,,90,400,200,4.5,85000,E,5,696,696 Nm
Jaguar Land Rover,Jaguar F-PACE S 30t AWD,1999,,247,225,6.4,60000,P,5,365,365 Nm
Jaguar Land Rover,Jaguar E-PACE R-Dynamic,1999,,246,230,6.8,55000,P,5,430,430 Nm
Jaguar Land Rover,Jaguar XJ50,2995,,300,250,6,80000,P,5,400,400 Nm
Jaguar Land Rover,Jaguar F-Type 75th Anniversary Edition,5000,,550,300,3.9,100000,P,2,680,680 Nm
Jaguar Land Rover,Jaguar F-PACE S AWD,2497,,340,250,5.4,65000,P,5,480,480 Nm
Jaguar Land Rover,Jaguar XE SE,1999,,250,240,6.2,50000,P,5,365,365 Nm
Jaguar Land Rover,Jaguar F-Type V6 S Convertible,2995,,380,280,4.8,80000,P,2,460,460 Nm
Jaguar Land Rover,Jaguar XE R-Sport AWD,2497,,300,250,5.5,55000,P,5,400,400 Nm
Jaguar Land Rover,Jaguar XF Portfolio AWD,2497,,340,250,5.4,60000,P,5,450,450 Nm
Jaguar Land Rover,Jaguar F-Type Coupe R,5000,,550,300,3.9,100000,P,2,680,680 Nm
Jaguar Land Rover,Jaguar I-PACE First Edition,,90,400,200,4.5,85000,E,5,696,696 Nm
Jaguar Land Rover,Jaguar F-PACE Prestige AWD,2497,,340,250,5.4,65000,P,5,480,480 Nm
Jaguar Land Rover,Jaguar XJ Supercharged,5000,,510,280,4.2,90000,P,5,625,625 Nm
Jaguar Land Rover,Jaguar F-Type P450 AWD,5000,,450,290,4,90000,P,2,600,600 Nm
Jaguar Land Rover,Jaguar F-PACE P400e Plug-in Hybrid,1999,,398,220,5.1,75000,,5,640,640 Nm
Jaguar Land Rover,Jaguar F-Type P300 Coupe,1999,,300,250,5.5,60000,P,2,400,400 Nm
Acura,NSX Type S,3493,,600,307,2.9,157000,H,2,666,666 Nm
Acura,TLX PMC Edition,3500,,290,250,5.7,62000,P,5,362,362 Nm
Acura,MDX Advance,3500,,290,190,6,60000,P,7,362,362 Nm
Acura,RDX Technology,1500,,272,210,6.6,45000,P,5,400,400 Nm
Acura,ILX Premium,2400,,201,200,6.6,30000,P,5,180,180 Nm
Acura,TLX A-Spec,3500,,290,250,5.7,50000,P,5,362,362 Nm
Acura,RDX SH-AWD,1500,,272,210,6.6,50000,P,5,400,400 Nm
Acura,MDX SH-AWD,3500,,290,190,6,55000,P,7,362,362 Nm
Acura,RDX Platinum Elite,1500,,272,210,6.6,55000,P,5,400,400 Nm
Acura,TLX A-Spec Sedan,3500,,290,250,5.7,50000,P,5,362,362 Nm
Acura,TLX 2.4L,2400,,206,210,6,35000,P,5,247,247 Nm
Acura,MDX Hybrid,3500,,321,190,6,55000,H,7,335,335 Nm
Acura,RDX Hybrid,1500,,247,210,6.6,50000,H,5,400,400 Nm
Acura,ILX Technology Package,2400,,201,200,6.6,30000,P,5,180,180 Nm
Acura,NSX GT3 (Track Version),3493,,500,300,3,150000,H,2,600,600 Nm
Acura,RDX Turbo AWD,1500,,272,210,6.6,45000,P,5,400,400 Nm
Acura,TLX 3.5L V6,3500,,290,250,5.7,50000,P,5,362,362 Nm
Acura,ILX Special Edition,2400,,201,200,6.6,30000,P,5,180,180 Nm
Acura,MDX SH-AWD w/Technology Package,3500,,290,190,6,55000,P,7,362,362 Nm
Acura,NSX 3.5L Hybrid Coupe,3493,,537,307,2.9,157000,H,2,666,666 Nm
Acura,MDX Elite,3500,,290,190,6,58000,P,7,362,362 Nm
Acura,TLX V6 Advance,3500,,290,250,5.7,46000,P,5,362,362 Nm
Acura,NSX Carbon Edition,3493,,537,307,2.9,157000,H,2,666,666 Nm
Acura,RDX Turbo SH-AWD,1500,,272,210,6.6,42000,P,5,400,400 Nm
Acura,ILX Technology Plus,2400,,201,200,6.6,28000,P,5,180,180 Nm
Acura,TLX Type S PMC Edition,3000,,355,250,5.1,54000,P,5,480,480 Nm
Acura,MDX Sport Hybrid,3500,,321,190,6,52000,H,7,335,335 Nm
Peugeot,208,1199,,82,180,10.5,22000,P,5,160,160 Nm
Peugeot,2008,1199,,100,190,9,25000,P,5,205,205 Nm
Peugeot,301,1598,,115,185,10,23500,P,5,150,150 Nm
Peugeot,308,1598,,130,200,8,28000,P,5,230,230 Nm
Peugeot,3008,1598,,180,210,7.5,32000,P,5,400,400 Nm
Peugeot,5008,1998,,165,200,9.5,35000,D,7,400,400 Nm
Peugeot,508,1998,,180,235,8,35500,P,5,300,300 Nm
Peugeot,Partner,1560,,75,160,12,22500,D,5,200,200 Nm
Peugeot,Expert,1997,,120,180,10,30000,D,3,300,300 Nm
Peugeot,Boxer,2200,,140,160,11,32000,D,3,340,340 Nm
Peugeot,e-208,,50,136,150,8.1,35000,E,5,260,260 Nm
Peugeot,e-2008,,50,136,150,8.5,38000,E,5,260,260 Nm
Peugeot,208 GTI,1598,,208,230,6.5,28000,P,5,300,300 Nm
Peugeot,308 GTI,1598,,270,250,6,35000,P,5,330,330 Nm
Peugeot,508 PSE (Peugeot Sport Engineered),1598,,360,250,5.2,55000,H,5,520,520 Nm
Peugeot,308 Allure,1199,,130,205,9.3,25000,P,5,230,230 Nm
Peugeot,2008 Allure,1199,,130,200,9.7,27000,P,5,230,230 Nm
Peugeot,3008 Allure,1499,,180,210,8,30000,P,5,250,250 Nm
Peugeot,5008 Allure,1499,,180,200,8.5,33000,P,7,250,250 Nm
Peugeot,508 Allure,1499,,180,225,8,35000,P,5,250,250 Nm
Peugeot,3008 GT,1598,,200,220,7.5,35000,P,5,280,280 Nm
Peugeot,508 GT,1598,,225,235,6.8,40000,P,5,300,300 Nm
Peugeot,3008 GT Hybrid,1598,,300,235,6,45000,H,5,400,400 Nm
Peugeot,5008 GT Hybrid,1598,,300,210,6.5,48000,H,7,400,400 Nm
Peugeot,208 Allure Premium,1199,,130,200,9.5,28000,P,5,230,230 Nm
Peugeot,Partner Tepee,1560,,100,170,12,25000,D,5,260,260 Nm
Peugeot,Expert L2H1,1997,,120,160,13,30000,D,3,320,320 Nm
Peugeot,Boxer L2H2,2200,,130,140,14,35000,D,3,350,350 Nm
Peugeot,Partner Electric,,,136,130,9,40000,E,5,260,260 Nm
Peugeot,Expert Electric,,,136,130,9.5,45000,E,5,260,260 Nm
Peugeot,208 PSE (Peugeot Sport Engineered),1598,,225,250,5.5,45000,H,5,360,360 Nm
Peugeot,308 PSE,1598,,360,250,5,55000,H,5,520,520 Nm
Peugeot,508 PSE,1598,,360,250,5.2,60000,H,5,520,520 Nm
Peugeot,3008 PSE,1598,,300,235,6,50000,H,5,400,400 Nm
Peugeot,2008 Active,1199,,100,190,11.2,22000,P,5,205,205 Nm
Peugeot,3008 Active,1499,,130,200,10,30000,P,5,240,240 Nm
Peugeot,5008 Active,1499,,130,190,10.5,33000,P,7,240,240 Nm
Peugeot,3008 Allure Premium,1499,,130,200,9.8,32000,P,5,240,240 Nm
Peugeot,5008 Allure Premium,1499,,130,190,10.2,35000,P,7,240,240 Nm
Peugeot,3008 GT Line,1598,,180,210,8.5,35000,P,5,250,250 Nm
Peugeot,5008 GT Line,1598,,180,200,9,38000,P,7,250,250 Nm
Peugeot,2008 GT,1199,,130,200,9.3,25000,P,5,230,230 Nm
Peugeot,5008 GT,1598,,180,210,8.2,40000,P,7,250,250 Nm
Peugeot,508 SW (Station Wagon),1598,,180,220,8.4,35000,P,5,300,300 Nm
Peugeot,508 Saloon,1598,,180,210,8.6,37000,P,5,300,300 Nm
Peugeot,308 Saloon,1199,,130,200,9,28000,P,5,230,230 Nm
Peugeot,301 Sedan,1199,,82,180,12,20000,P,5,115,115 Nm
Peugeot,208 Sedan,1199,,100,190,11.2,22000,P,5,205,205 Nm
Ford,Fusion (Mondeo),2000,,205,220,7.5,32500,H,5,373,200 - 400 Nm
Ford,Taurus,3500,,282,220,6.5,37500,P,5,373,300 - 500 Nm
Ford,Fiesta,1500,,142,200,7,20000,P,5,373,130 - 290 Nm
Ford,Focus,2000,,210,220,6.5,25000,P,5,373,150 - 400 Nm
Ford,KA+,1200,,78,165,10.5,13500,P,5,373,100 - 140 Nm
Ford,EcoSport,2000,,144,180,9,22500,P,5,373,170 - 200 Nm
Ford,Escape (Kuga),2500,,190,190,7.5,31500,H,5,373,230 - 200 Nm
Ford,Edge,2700,,292,200,6.5,40000,P,5,373,400 - 475 Nm
Ford,Explorer,3000,,350,200,6,45000,P,7,373,420 - 500 Nm
Ford,Expedition,5400,,388,180,6.5,62500,P,8,373,650 - 800 Nm
Ford,Bronco,2700,,292,200,7.5,42500,P,4,373,400 - 600 Nm
Ford,Bronco Sport,2000,,216,185,7,32000,P,5,373,250 - 375 Nm
Ford,F-150,5000,,370,200,5.75,55000,P,5,373,400 - 700 Nm
Ford,F-250 Super Duty,7300,,430,180,6.75,55000,P,5,373,"700 - 1,050 Nm"
Ford,F-350 Super Duty,7300,,462,180,7.5,60000,D,5,373,"1,050 - 1,200 Nm"
Ford,Maverick,2000,,220,180,7.25,26000,H,5,373,250 - 380 Nm
Ford,Ranger,2700,,298,180,6.5,35000,P,5,373,400 - 540 Nm
Ford,Mustang Mach-E,,83,385,180,3.5  (GT Model),52000,E,5,373,430 Nm (GT Model)
Ford,F-150 Lightning,,98,452,180,4.5,65000,E,5,1051,1051 Nm
Ford,Escape Hybrid,2500,,200,180,7.7,33000,H,5,373,210 Nm (Electric)
Ford,Explorer Hybrid,3300,,318,180,7.5,52500,H,7,500,500 Nm
Ford,Mustang,5000,,450,250,4.3,55000,P,4,530,530 Nm
Ford,GT,3500,,660,348,3,500000,P,2,746,746 Nm
Ford,Focus ST,2300,,280,250,5.7,30000,P,5,420,420 Nm
Ford,Fiesta ST,1500,,200,230,6.5,23000,P,5,290,290 Nm
Ford,Bronco Raptor,3000,,400,220,5.5,70000,P,4,583,583 Nm
Ford,Ranger Raptor,2700,,392,200,6,45000,P,5,583,583 Nm
Ford,F-150 Raptor,3500,,450,200,5,70000,P,5,691,691 Nm
Ford,Puma,1000,,123,191,9.6,28000,P,5,200,200 Nm
Ford,Territory,1500,,140,180,11,32000,P,5,225,225 Nm
Ford,Everest,2000,,210,190,10.5,52000,D,7,500,500 Nm
Ford,Flex,3500,,287,200,7.9,31000,P,7,345,345 Nm
Ford,Transit,2000,,170,160,12,43455,D,8.5,405,405 Nm
Ford,Transit Connect,2000,,162,175,10.5,29365,P,4.5,200,200 Nm
Ford,F-450 Super Duty,6700,,475,165,8.5,61625,D,4,1424,"1,424 Nm"
Ford,F-550 Super Duty,6700,,475,165,8.8,64540,D,4,1424,"1,424 Nm"
Ford,Mustang Shelby GT500,5200,,760,290,3.5,79420,P,2,847,847 Nm
Ford,Mustang Shelby GT350,5200,,526,280,4,59140,P,2,582,582 Nm
Ford,F-150 Platinum,3500,,400,180,6.5,64695,P,5,678,678 Nm
Ford,F-150 Limited,3500,,450,190,6.1,84910,P,5,678,678 Nm
Ford,Explorer Platinum,3000,,400,230,6,56505,P,7,563,563 Nm
Ford,Expedition King Ranch,3500,,440,210,6.8,79560,P,7.5,691,691 Nm
Ford,Transit Custom,2000,,130,160,12.5,35000,D,5.5,385,385 Nm
Ford,E-Series Cutaway,7300,,350,140,13,36000,P,2,569,569 Nm
Ford,Transit Chassis Cab,2000,,170,160,11.5,37000,D,2,405,405 Nm
Ford,Transit Electric (E-Transit),,89,266,140,9,52000,E,7,430,430 Nm
Ford,Explorer Plug-in Hybrid,3000,,457,225,6,53000,H,7,825,825 Nm
Ford,Maverick Hybrid,2500,,191,180,7.8,25000,H,5,210,210 Nm
Ford,Mustang (2024),5000,,450,250,4.5,60000,P,4,570,570 Nm
Ford,Ranger (2024),2000,,210,180,8,40000,D,5,500,500 Nm
Ford,Escape Plug-in Hybrid (2024),2500,,221,190,7.5,38000,H,5,210,210 Nm
Ford,Bronco (2024),2700,,310,200,6.7,45000,P,5,542,542 Nm
Ford,Explorer (2024),3000,,400,230,5.9,55000,P,7,563,563 Nm
Mitsubishi,Mirage,1200,,78,170,12,17000,P,5,100,100 Nm
Mitsubishi,Mirage G4,1200,,78,170,12,18000,P,5,100,100 Nm
Mitsubishi,Outlander,2500,,181,190,9.5,31500,P,7,245,245 Nm
Mitsubishi,Outlander PHEV,2400,20,248,170,10.5,41000,H,5,300,300 Nm
Mitsubishi,Eclipse Cross,1500,,152,180,9.8,26500,P,5,250,250 Nm
Mitsubishi,ASX (Outlander Sport),2000,,148,190,10,24500,P,5,197,197 Nm
Mitsubishi,Pajero,3200,,189,180,10.5,42500,D,7,441,441 Nm
Mitsubishi,Pajero Sport,2400,,181,180,11,37500,D,7,430,430 Nm
Mitsubishi,Triton (L200),2400,,181,177,10.5,30000,D,5,430,430 Nm
Mitsubishi,Lancer Evolution X,2000,,291,240,5,45000,P,5,407,407 Nm
Mitsubishi,i-MiEV (Electric),,16,66,130,15,24500,E,4,196,196 Nm
Mitsubishi,Xpander,1500,,105,170,13.5,22500,P,7,141,141 Nm
Mitsubishi,Delica D:5,2200,,145,175,11,37500,D,7,360,360 Nm
Mitsubishi,Colt,1500,,112,180,10.5,17500,P,5,373,100 - 180 Nm
Mitsubishi,Grandis,2400,,165,190,11,27500,P,7,217,217 Nm
Mitsubishi,Outlander Black Edition,2500,,181,190,9.5,33500,P,7,245,245 Nm
Mitsubishi,Outlander SEL,2500,,181,190,9.5,32500,P,7,245,245 Nm
Mitsubishi,Outlander SE,2500,,181,190,9.5,30500,P,7,245,245 Nm
Mitsubishi,Eclipse Cross Black Edition,1500,,152,180,9.8,29000,P,5,250,250 Nm
Mitsubishi,ASX Exceed,2000,,148,190,10,27000,P,5,197,197 Nm
Mitsubishi,Triton Athlete,2400,,181,177,10.5,31000,D,5,430,430 Nm
Mitsubishi,Pajero Final Edition,3200,,189,180,10.5,47500,D,7,441,441 Nm
Mitsubishi,L200 Barbarian X,2400,,181,177,10.5,32500,D,5,430,430 Nm
Mitsubishi,Space Star,1200,,78,170,12,16000,P,5,100,100 Nm
Mitsubishi,Lancer EX,2000,,132,200,10,22500,P,5,373,154 - 197 Nm
Mitsubishi,Montero Sport,2400,,181,180,11,37500,D,7,430,430 Nm
Mitsubishi,Attrage,1200,,78,170,12.5,16000,P,5,100,100 Nm
Mitsubishi,RVR SE,2000,,148,190,10.5,24000,P,5,197,197 Nm
Mitsubishi,Delica Van,2200,,145,175,11.5,32500,D,7,360,360 Nm
Mitsubishi,Canter (Truck),3000,,150,120,6.5,40000,D,2,370,370 Nm
Mitsubishi,Lancer GLX,1600,,115,190,11.5,18500,P,5,154,154 Nm
Mitsubishi,Pajero GLS,3200,,189,180,10.5,47500,D,7,441,441 Nm
Mitsubishi,Xpander Cross,1500,,105,170,12,22500,P,7,141,141 Nm
Mitsubishi,Eclipse Cross PHEV,2400,,188,180,10.5,37500,,5,199,199 Nm
Mitsubishi,Outlander ES,2500,,181,190,9.5,29000,P,7,245,245 Nm
Mitsubishi,Montero GLX,2400,,181,180,11,37500,D,7,430,430 Nm
Mitsubishi,Triton GLX-R,2400,,181,177,10.5,31000,D,5,430,430 Nm
Mitsubishi,ASX Dynamic,2000,,148,190,10,26500,P,5,197,197 Nm
Mitsubishi,Mirage ES,1200,,78,170,12.5,16000,P,5,100,100 Nm
Mitsubishi,Outlander LE,2500,,181,190,9.5,32500,P,7,245,245 Nm
Mitsubishi,Fuso Fighter (Truck),7500,,240,120,6.5,80000,D,2,686,686 Nm
Mitsubishi,Fuso Canter Eco Hybrid,3000,,150,120,6.5,55000,H,2,370,370 Nm
Mitsubishi,Space Runner,1800,,140,185,10.5,21500,P,5,170,170 Nm
Mitsubishi,Toppo BJ,660,,52,130,15,11000,P,4,60,60 Nm
Mitsubishi,Chariot,2000,,140,185,10.5,21500,P,7,170,170 Nm
Mitsubishi,Lancer SE Limited,2000,,148,200,10,22500,P,5,197,197 Nm
Mitsubishi,Pajero SWB (Short Wheel Base),3200,,189,180,10.5,47500,D,5,441,441 Nm
Mitsubishi,Delica Space Gear,2400,,145,170,13,32500,P,7,206,206 Nm
Mitsubishi,i (Kei Car),660,,64,130,15.5,13500,P,4,94,94 Nm
Mitsubishi,Dion,2000,,135,180,11.5,16500,P,7,181,181 Nm
Mitsubishi,Airtrek,2400,,160,190,11,22500,P,5,214,214 Nm
Mitsubishi,eK Space,660,,52,130,15,11000,P,4,60,60 Nm
Mitsubishi,eK X,660,,64,140,13.5,13500,P,4,94,94 Nm
Mitsubishi,Colt CZC Convertible,1500,,147,200,9.5,27500,P,4,210,210 Nm
Mitsubishi,Galant Fortis,2000,,154,200,10,20000,P,5,200,200 Nm
Mitsubishi,Endeavor,3800,,225,190,9.5,31500,P,5,343,343 Nm
Mitsubishi,Grand Lancer,1800,,138,190,11.5,22500,P,5,173,173 Nm
Mitsubishi,Sigma,3000,,210,220,8.5,37500,P,5,270,270 Nm
Mitsubishi,Town Box,660,,48,120,16,11000,P,4,60,60 Nm
Mitsubishi,Minicab MiEV,,16,64,100,6.5,19000,E,2,196,196 Nm
Mazda,Mazda3,2000,,155,200,8.9,24000,P,5,213,213 Nm
Mazda,Mazda3 Hatchback,2500,,186,210,8.3,26000,P,5,252,252 Nm
Mazda,Mazda6,2500,,250,240,6.4,31000,P,5,420,420 Nm
Mazda,CX-3,2000,,146,180,9.5,23000,P,5,197,197 Nm
Mazda,CX-30,2500,,186,204,8.7,25500,P,5,252,252 Nm
Mazda,CX-5,2500,,187,200,8.8,29000,P,5,252,252 Nm
Mazda,CX-50,2500,,256,220,6.9,32500,P,5,434,434 Nm
Mazda,CX-8,2200,,187,200,9.2,39000,D,7,450,450 Nm
Mazda,CX-9,2500,,250,210,7.2,41500,P,7,420,420 Nm
Mazda,CX-90,3300,,340,240,6.2,55000,P,7,500,500 Nm
Mazda,MX-5 Miata,2000,,181,225,6.5,30000,P,2,205,205 Nm
Mazda,MX-5 Miata RF,2000,,181,225,6.5,36500,P,2,205,205 Nm
Mazda,MX-30 Electric,,35.5,143,140,9.7,35000,E,5,271,271 Nm
Mazda,CX-4,2000,,158,190,9.6,25000,P,5,202,202 Nm
Mazda,CX-7,2300,,244,210,7.9,30500,P,5,350,350 Nm
Mazda,Tribute,3000,,200,190,9,27000,P,5,270,270 Nm
Mazda,B-Series Pickup,2500,,143,170,11.5,22500,D,5,330,330 Nm
Mazda,BT-50,3200,,200,180,10,31000,D,5,470,470 Nm
Mazda,RX-7,1300,,276,250,5.5,40000,P,4,314,314 Nm
Mazda,RX-3,1200,,110,180,8.9,17500,P,4,145,145 Nm
Mazda,RX-Vision Concept,,,400,300,6.5,,H,2,373,N/A
Mazda,323F,1600,,105,180,10.5,16000,P,5,145,145 Nm
Mazda,Familia Sedan,1500,,100,175,11,14000,P,5,135,135 Nm
Mazda,Premacy,2000,,138,190,9.8,21000,P,7,180,180 Nm
Mazda,Demio,1500,,108,180,10.2,15500,P,5,142,142 Nm
Mazda,Millenia,2300,,210,215,8.2,27500,P,5,280,280 Nm
Mazda,Eunos Cosmo,2000,,280,240,6,45000,P,4,300,300 Nm
Mazda,Atenza,2500,,192,210,8.5,25000,P,5,252,252 Nm
Mazda,Roadpacer AP,1300,,130,170,11.5,22500,P,5,165,165 Nm
Mazda,626,2000,,140,190,9.5,20000,P,5,180,180 Nm
Mazda,929,3000,,205,220,8,27500,P,5,270,270 Nm
Mazda,Luce,1800,,135,180,10.5,17500,P,5,170,170 Nm
Mazda,Capella,1600,,110,175,11.2,16000,P,5,145,145 Nm
Mazda,Carol,660,,63,140,15.5,10500,P,4,90,90 Nm
Mazda,Autozam AZ-1,657,,63,140,11,15000,P,2,85,85 Nm
Mazda,Spiano,660,,54,130,16,9000,P,4,80,80 Nm
Mazda,Verisa,1500,,113,170,11,16000,P,5,140,140 Nm
Mazda,MX-6,2500,,164,210,8.8,21000,P,4,215,215 Nm
Mazda,MPV,3000,,200,185,9.5,27500,P,7,265,265 Nm
Mazda,Proceed Marvie,2600,,120,160,12,22500,P,5,200,200 Nm
Mazda,Sentia,3000,,200,200,9,25000,P,5,265,265 Nm
Mazda,Cronos,2500,,160,190,8.5,20000,P,5,210,210 Nm
Mazda,Scrum,660,,63,130,15,10000,P,4,85,85 Nm
Mazda,Parkway,1800,,115,160,12.5,22500,P,5,155,155 Nm
Mazda,Titan (Truck),3000,,130,120,15,27500,D,2,300,300 Nm
Mazda,CX-60,2500,,187,200,8.5,42500,P,5,250,250 Nm
Mazda,CX-80,3000,,250,210,7.5,47500,P,7,400,400 Nm
Mazda,T1500,1500,,75,120,18,16500,P,2,105,105 Nm
Mazda,Bongo Van,2000,,100,160,14,20000,P,3,140,140 Nm
Mazda,Bongo Friendee,2500,,115,160,12.5,22000,P,7,160,160 Nm
Mazda,Revue,1300,,75,130,15.5,11000,P,5,110,110 Nm
Mazda,Proteg,1800,,125,185,9,16500,P,5,170,170 Nm
Mazda,Xedos 6,2500,,170,215,8.5,27500,P,5,230,230 Nm
Mazda,Xedos 9,3000,,200,220,7.5,32500,P,5,260,260 Nm
Mazda,121,1300,,70,155,13,13500,P,5,110,110 Nm
Mazda,1200,1200,,60,130,16,11000,P,4,90,90 Nm
Mazda,1500,1500,,85,145,14,13500,P,5,120,120 Nm
Mazda,RX-2,1308,,130,185,8.5,22500,P,4,220,220 Nm
Mazda,RX-5,1588,,135,190,8,27500,P,4,210,210 Nm
Mazda,RX-7 Spirit R,1308,,280,250,5.5,37500,P,2,290,290 Nm
Mazda,Cosmo Sport (110S),1000,,110,170,10,32500,P,2,150,150 Nm
Mazda,Eunos 500,1998,,135,200,9,26500,P,5,170,170 Nm
Mazda,Eunos Roadster,1590,,116,180,9.5,16500,P,2,140,140 Nm
Mazda,Familia Astina,1800,,135,200,8.5,21000,P,5,170,170 Nm
Mazda,Savanna RX-7,1308,,165,230,7.5,30000,P,2,230,230 Nm
Mazda,Capella Cargo,2000,,115,180,12,20000,P,4,160,160 Nm
Mazda,818,1600,,100,170,12.5,16000,P,5,130,130 Nm
Mazda,Sentia Hardtop Coupe,2500,,160,210,8,32500,P,4,220,220 Nm
Mazda,Biante,2000,,150,185,10,24000,P,7,200,200 Nm
Mazda,Premacy Hydrogen RE Hybrid,1308,,200,180,9.5,42500,H,5,260,260 Nm
Mazda,Carol P360,360,,26,85,35,9000,P,4,45,45 Nm
Mazda,T2000,2000,,110,170,12.5,19000,P,2,160,160 Nm
Mazda,AZ-Offroad,1298,,85,145,12,16500,P,5,130,130 Nm
Mazda,Scrum Wagon,657,,64,120,15.5,11000,P,4,95,95 Nm
Mazda,Persona,1497,,92,160,13.5,14500,P,5,130,130 Nm
Mazda,Astina,1800,,140,190,8.5,22000,P,5,160,160 Nm
Mazda,Etude,1598,,105,170,10,15000,P,5,135,135 Nm
Mazda,Porter,1497,,95,130,14,13500,P,2,130,130 Nm
Mazda,MX-3,1598,,130,190,8.5,20000,P,4,140,140 Nm
Mazda,MX-5 Superlight Concept,1798,,143,200,7.5,32500,P,2,160,160 Nm
Mazda,Premacy Hydrogen RE,1308,,200,180,9.5,42500,H,5,260,260 Nm
Mazda,Bongo Truck,1998,,120,130,15,16500,P,2,150,150 Nm
Mazda,Rotary Pickup,1308,,130,150,14.5,20000,P,2,160,160 Nm
Mazda,Luce Rotary Coupe,1308,,135,175,12,27500,P,4,180,180 Nm
Mazda,Millenia S,2500,,200,220,8,32500,P,5,250,250 Nm
Mazda,787B (Race Car),2620,,700,320,3.5,6000000,P,1,500,500 Nm
Toyota,Crown Signia,2487,,240,180,7.6,43590,H,5,239,239 Nm
Toyota,4Runner (6th Gen),2393,,326,180,6.8,50000,H,7,630,630 Nm
Toyota,Corolla Cross,1987,,182,190,8.6,25210,H,5,373,190  210 Nm
Toyota,C-HR+,1987,,169,180,9.2,33000,H,5,373,190  205 Nm
Toyota,RAV4 (6th Gen),2487,,260,200,7.05,29000,,5,373,221  400 Nm
